peptide,binding_TCR,score,label
VQYLGMFPV,CASSQNGSEAAYSNQPQHF,0.34913307,1
VQYLGMFPV,CASSTPGGWNTEAFF,0.48710796,1
VQYLGMFPV,CASNSGPNEKLFF,0.7173151,1
VQYLGMFPV,CASSLGQGYNEQFF,0.96065825,1
YLDELIRNT,CASSVEGALTDTQYF,0.6192759,1
YLDELIRNT,CASSEPGPWAFF,0.38536412,1
YLDELIRNT,CASSWDRGTYEQYF,0.5295453,1
YLDELIRNT,CASSALAGGYNEQFF,0.8210231,1
ALSYTPAEV,CASSTQGTGVYNEQFF,0.4830693,1
ALSYTPAEV,CASSSDRGEQFF,0.7619948,1
ALSYTPAEV,CASSLGQEIPYYGYTF,0.22209,1
ALSYTPAEV,CASSSPSGYEQYF,0.9525972,1
LLIASVTWL,CASSSGGAWYTF,0.46905383,1
LLIASVTWL,CATSGTGGTGELFF,0.6510089,1
LLIASVTWL,CSVEGLAGRGYNEQFF,0.99999857,1
LLIASVTWL,CASSLVRDRHTEAFF,0.19661495,1
FLNVLFPLL,CASSHNRGYEQYF,0.7268901,1
FLNVLFPLL,CSAPSYRELAGAYLQETQYF,0.31215236,1
FLNVLFPLL,CASSRGLQETQYF,0.71375275,1
FLNVLFPLL,CASSIGLNTEAFF,0.8448862,1
ALIHHNTHL,CASSLAVQRPSGNTIYF,0.2237529,1
ALIHHNTHL,CASSIESGSKQRNEQFF,0.14895429,1
ALIHHNTHL,CASSPRDRVHEQYF,0.77755284,1
ALIHHNTHL,CASSQSETGDGYTF,0.6787273,1
VLNPFIYTL,CASSQGISTGELFF,0.7549998,1
VLNPFIYTL,CASSQEGRQGSYNEQFF,0.4661906,1
VLNPFIYTL,CASTHWERVDEQFF,0.26034102,1
VLNPFIYTL,CASSAAGQELGYTF,0.36516866,1
VVTGVLVYL,CASSTSAGFSNQPQHF,0.48307186,1
VVTGVLVYL,CAWSGFSRTEAFF,0.40999278,1
VVTGVLVYL,CASSLVGGITGELFF,0.68676096,1
VVTGVLVYL,CASSQDPGNGNTIYF,0.39869756,1
LLLNMLIVL,CASSEELYNEFF,0.650883,1
LLLNMLIVL,CASSLAGGTEAFF,0.97381467,1
LLLNMLIVL,CASSSESGELFF,0.7902827,1
LLLNMLIVL,CASGTELMNTEAFF,0.440778,1
VLENFTIFLV,CSVELTTYEQYF,0.9999981,1
VLENFTIFLV,CASSSQELTEAFF,0.48116988,1
VLENFTIFLV,CASSIAQGGNQPQHF,0.6951264,1
VLENFTIFLV,CASSEGQGYEQYF,0.94122463,1
KLSREIMPV,CASSLASEQYF,0.82127446,1
KLSREIMPV,CASRGTGTGSYEQYF,0.76135695,1
KLSREIMPV,CASSTGGDTQYF,0.8986109,1
KLSREIMPV,CASSFLSSYNEQFF,0.8157696,1
FIYQYYSSI,CASTLGQGNTEAFF,0.7121582,1
FIYQYYSSI,CSADRPGQSQETQYF,0.34264642,1
FIYQYYSSI,CSARDRGFFRPGELFF,0.3073251,1
FIYQYYSSI,CASSQEPSLNTEAFF,0.42554605,1
KLLAGVEIV,CASSWREGFPYEQYF,0.28015125,1
KLLAGVEIV,CASSLPDRGGTKNIQYF,0.37809786,1
KLLAGVEIV,CASRNRDPNGYTF,0.33178514,1
KLLAGVEIV,CASSYVNGGAIGGELFF,0.352065,1
FLFMYLVTV,CASSQESGGGTEAFF,0.6425105,1
FLFMYLVTV,CASSYTGWHEQYF,0.66625154,1
FLFMYLVTV,CASSPGQGYEQYF,0.98891747,1
FLFMYLVTV,CASSVDFGRTYNEQFF,0.42596856,1
VMAPRTLIL,ASSANPGDSSNEKLF,1.0,1
VMAPRTLIL,CASSANPGDSSNEKLFF,0.36234236,1
VMAPRTLIL,ASSQDRDTQY,1.0,1
VMAPRTLIL,CASSQDRDTQYF,0.8401348,1
APARLERRHSA,CASRDGRVHQPQHF,0.46068084,1
APARLERRHSA,CASRAVINTDTQYF,0.45683917,1
APARLERRHSA,CASSTTSGGAHNEQFF,0.5043323,1
APARLERRHSA,CASSLLKAANYGYTF,0.448678,1
KLFEFLVHGV,CASTQGGVDTQYF,0.43029872,1
KLFEFLVHGV,CASSQGALGYTF,0.5618599,1
KLFEFLVHGV,CASSLGGNPTYNEQFF,0.549911,1
KLFEFLVHGV,CASSLGDPNTEAFF,0.6479903,1
KASEKIFYV,CASSQDSHSTSTDTQYF,0.42973584,1
KASEKIFYV,CASSWEYEQYF,0.5850861,1
KASEKIFYV,CATSSFRMTGDNSPLHF,0.50217706,1
KASEKIFYV,CASSALFSGANVLTF,0.5660395,1
TAMDIFVTV,CSARDWGYEQYF,0.53422505,1
TAMDIFVTV,CASSLAAQGQRVTGELFF,0.5306783,1
TAMDIFVTV,CASSFGGLYGYTF,0.6441075,1
TAMDIFVTV,CASSGGQGWTDTQYF,0.6172688,1
KLNTITAVV,CSVEAGGVSEAFF,0.99999845,1
KLNTITAVV,CASSLETGGWETQYF,0.676501,1
KLNTITAVV,CASMRPTSYEQYF,0.28707108,1
KLNTITAVV,CSDGTGDGYTF,0.8102057,1
LMMPFSIVYI,CASSLSWEYEQYF,0.77826774,1
LMMPFSIVYI,CASSSQTGPYSNQPQHF,0.7291441,1
LMMPFSIVYI,CASSQGLNPGQGLDTEAFF,0.32249767,1
LMMPFSIVYI,CASSLQGSDNEQFF,0.7826195,1
ALIHHNTYL,CASSLAVQRPSGNTIYF,0.25903487,1
ALIHHNTYL,CSVVGTGSVITNEKLFF,0.99999976,1
ALIHHNTYL,CASSIESGSKQRNEQFF,0.272735,1
ALIHHNTYL,CASSDLQENQPQHF,0.70805335,1
LLAIKVPNV,CAQGDYNEQFF,0.6629801,1
LLAIKVPNV,CASSMSGWGDTQYF,0.570056,1
LLAIKVPNV,CSARDPQGFDGYTF,0.3436936,1
LLAIKVPNV,CASGSYEQYF,0.9720015,1
SIIGRLLEV,CASSPWRGPFQETQYF,0.42193598,1
SIIGRLLEV,CASSYFGGSLSEQYF,0.5358926,1
SIIGRLLEV,CASSYRFDSPLHF,0.48425946,1
SIIGRLLEV,CASVLGGSSYNEQFF,0.538081,1
EENLLDFVRF,CASSLGQAYEQYF,0.90902215,1
EENLLDFVRF,ASRYRDDSYNEQF,1.0,1
EENLLDFVRF,CASRYRDDSYNEQFF,0.46117646,1
EENLLDFVRF,CASRYRDDSYNEQF,0.99986506,1
YLLFMIGYT,CASSVTGRWVPLHF,0.09284529,1
YLLFMIGYT,CASSFASGGYNEQFF,0.8283967,1
YLLFMIGYT,CASSFNTEAFF,0.9484098,1
YLLFMIGYT,CASSHSWGETQYF,0.37317312,1
RMAAISNTV,CASSLAQSDSLAFF,0.3053924,1
RMAAISNTV,CASSSPDSNNEQFF,0.7421386,1
RMAAISNTV,CASSIGDYEQYF,0.9277921,1
RMAAISNTV,CASSLIDTGELFF,0.8505834,1
VYALIAGATL,CASHPVGSLTDTQYF,0.31886992,1
VYALIAGATL,CASSPTLYNEQFF,0.902609,1
VYALIAGATL,CASSEWVFWSSYNSPLHF,0.2334842,1
VYALIAGATL,CASSLSYLNEQFF,0.91207856,1
KLSHQLVLL,CSATSGTDTQYF,0.7606654,1
KLSHQLVLL,CASSLGGFAGNTIYF,0.72202116,1
KLSHQLVLL,CASSQEIGMNEKLFF,0.47977325,1
KLSHQLVLL,CASSSTGALYEQYF,0.651215,1
GPGMKARVL,CASSLELGDEQFF,0.52982384,1
GPGMKARVL,CASSLETGDEQYF,0.8137931,1
GPGMKARVL,CASSQETGDTQYF,0.88049084,1
GPGMKARVL,CASSQETGDEQYF,0.8946233,1
AAFKRSCLK,CASVSGQGVSPLHF,0.36642677,1
AAFKRSCLK,CATSRDGAGLVNQPQHF,0.24871905,1
AAFKRSCLK,CASSQGFGANVLTF,0.69692564,1
AAFKRSCLK,CASSQDPGSSYNEQFF,0.7022276,1
FLKETGGL,CASSFEPGQGFYSNQPQHF,0.69122404,1
FLKETGGL,CASSFEAGQGFFSNQPQHF,0.6293564,1
FLKETGGL,CASSYEPGQVSHYSNQPQHF,0.761442,1
FLKETGGL,CASSYLPGQGDHYSNQPQHF,0.7608255,1
RPHERNGFTV,CASSPARNTEAFF,0.8289719,1
RPHERNGFTV,CASSPHRNTEAFF,0.81421995,1
RPHERNGFTV,CASSQAALAGFGYEQYF,0.41117916,1
RPHERNGFTV,CASSPSRNTEAFF,0.91177183,1
FLKEQGGL,CASSFEPGQGFYSNQPQHF,0.71174604,1
FLKEQGGL,CASSFEAGQGFFSNQPQHF,0.6652755,1
FLKEQGGL,CASSYEPGQVSHYSNQPQHF,0.75308657,1
FLKEQGGL,CASSYLPGQGDHYSNQPQHF,0.7943518,1
FLKEMGGL,CASSFEPGQGFYSNQPQHF,0.69559467,1
FLKEMGGL,CASSFEAGQGFFSNQPQHF,0.63583034,1
FLKEMGGL,CASSYEPGQVSHYSNQPQHF,0.7422833,1
FLKEMGGL,CASSYLPGQGDHYSNQPQHF,0.7584975,1
HMTEVVRHC,CASSEGLWQVGDEQYF,0.32115278,1
HMTEVVRHC,CASSLDPGDTGELFF,0.7980525,1
HMTEVVRHC,CAISELVTGDSPLHF,0.67045254,1
HMTEVVRHC,CASSIQQGADTQYF,0.54378086,1
TLNAWVKVV,CASSYRGQSYEQYF,0.7630646,1
TLNAWVKVV,CSARDAGGDYGYTF,0.56705153,1
TLNAWVKVV,CASSLVPQGEEQYF,0.5866864,1
TLNAWVKVV,CASSEEGAWNTGELFF,0.6228902,1
FYGKTILWF,CASSLGAAPQETQYF,0.37331918,1
FYGKTILWF,CASSTRVVAGNNEQFF,0.27403426,1
FYGKTILWF,CASSLGQGCSNQPQHF,0.6511404,1
FYGKTILWF,CASSRGTLHYGYTF,0.60974604,1
GQFLTPNSH,CAISEVGTGSSGNTIYF,0.21987154,1
GQFLTPNSH,CASRFVAPSDGYNEQFF,0.23848201,1
GQFLTPNSH,CASSLGQGRVEQYF,0.71205276,1
GQFLTPNSH,CAITSGQGNNEQYF,0.39291647,1
RKTVRARSRTPSCRSRSHTPSRRRR,CASSLIRSEAFF,0.28916466,1
RKTVRARSRTPSCRSRSHTPSRRRR,CASSRDRSNEQFF,0.5665925,1
RKTVRARSRTPSCRSRSHTPSRRRR,CASSLVDRRGEKLFF,0.6376986,1
RKTVRARSRTPSCRSRSHTPSRRRR,CASSFIRTGQYF,0.010723117,1
ESEERPPTPY,CASSSEGQFNEQFF,0.6381719,1
ESEERPPTPY,CASSYGIYEQFF,0.8256231,1
ESEERPPTPY,CASSPEGVFNEQFF,0.385375,1
ESEERPPTPY,CASSWEGQYNEQFF,0.27311257,1
CCIEVINNT,CASSVLNTGELFF,0.90586,1
CCIEVINNT,CASSDTPDLNTEAFF,0.75758195,1
CCIEVINNT,CASRGQNTGELFF,0.8826134,1
CCIEVINNT,CASRSQNYYGYTF,0.6201026,1
AMAGSLVFL,CASSPMTDSTDTQYF,0.64399433,1
AMAGSLVFL,CASSQDLGTGNTIYF,0.5311835,1
AMAGSLVFL,CASSPTPGTGETQYF,0.6692553,1
FIDCYLLAI,CSADRPGQSQETQYF,0.3088257,1
FIDCYLLAI,CASSPHTEAFF,0.72242844,1
FIDCYLLAI,CASDSNYGYTF,0.8130048,1
ILIVMVPFL,CASSLVGADRSGELFF,0.69465065,1
ILIVMVPFL,CASSAFGIVADTQYF,0.5558182,1
ILIVMVPFL,CASSPGTTTNEKLFF,0.5519629,1
LAMPFATPM,CASSLPLGYEQYF,0.8907209,1
LAMPFATPM,CASSLGTSGIQFF,0.5811421,1
LAMPFATPM,CASSYRTGSDEQFF,0.6067091,1
LMVLHSPSL,CASSFFPGELFF,0.93750244,1
LMVLHSPSL,CASSGRDRNF,0.7443749,1
LMVLHSPSL,CASSLSGFGNTIYF,0.6816793,1
LLAMKVPNV,CSAETGRDLEAFF,0.507248,1
LLAMKVPNV,CAQGDYNEQFF,0.66437095,1
LLAMKVPNV,CASSQDNNEQFF,0.7831439,1
FIFSYVVAV,CASSDQGALSSYEQYF,0.68410707,1
FIFSYVVAV,CASSLSVFPGRAEQYF,0.4835776,1
FIFSYVVAV,CASSKGLRQFF,0.33305845,1
ILLDWAANV,CASSYFRQSYEQYF,0.5914747,1
ILLDWAANV,CASSAGPWGYTF,0.52254504,1
ILLDWAANV,CASSGDKNEAFF,0.46026635,1
QLLVSLWGL,CATSRGPTQAPYEETQYF,0.27195084,1
QLLVSLWGL,CASSLVGADRSGELFF,0.62787366,1
QLLVSLWGL,CSARDPVGGSNTGELFF,0.21240956,1
KLPLDINPV,CASSLASGNEQFF,0.94896835,1
KLPLDINPV,CASSLNPGTSYEQYF,0.49053442,1
KLPLDINPV,CAISRGDTEAFF,0.6776859,1
LLFGFPVYV,ASRPGLAGGRPEQY,1.0,1
LLFGFPVYV,ASSYPGGGFYEQY,1.0,1
LLFGFPVYV,CASRPGLAGGRPEQYF,0.36784002,1
VLMGGVPGVE,CASSFWGLGELFF,0.7951432,1
VLMGGVPGVE,CASSQGWDEQYF,0.56133175,1
VLMGGVPGVE,CASSTLSGNYNEQFF,0.7535033,1
LVMPFSIVYI,CSAETGRDLEAFF,0.43066496,1
LVMPFSIVYI,CASSQGLNPGQGLDTEAFF,0.3169652,1
LVMPFSIVYI,CASSLTGLLNTEAFF,0.52325845,1
FIDQYYSSI,CASSLGPSLYEQYF,0.87022716,1
FIDQYYSSI,CASSFWSGGTYEQYF,0.80893457,1
FIDQYYSSI,CASSMTVMNTEAFF,0.61167747,1
MLSILALVRV,CASIGVSYEQYF,0.68915874,1
MLSILALVRV,CASNPGTDFNTGELFF,0.48186323,1
MLSILALVRV,CASSYARDRNTEAFF,0.5211701,1
YMFLASPSV,CASSGRQGIDTEAFF,0.32089552,1
YMFLASPSV,CASSPYSGANVLTF,0.6973035,1
YMFLASPSV,CASSPDRFYEQYF,0.8816542,1
YLQDSMATT,CASSISTEAFF,0.9357808,1
YLQDSMATT,CASSVEGSSYNEQFF,0.43806377,1
YLQDSMATT,CASSLNTEAFF,0.9805453,1
AVYDGREHTV,CASSSDQNGDPYEQYF,0.36182526,1
AVYDGREHTV,CASSFLMTSGDYEQYF,0.49023494,1
AVYDGREHTV,ASSSDQNSGDPYEQYF,0.9973822,1
FLDEFMEAV,CASSLVTGGGEAFF,0.7684415,1
FLDEFMEAV,CATSAKTRLNTEAFF,0.19614583,1
FLDEFMEAV,CSARQTSGGSSYNEQFF,0.6084263,1
FLNDLLSVL,CASIETESTGELFF,0.47582722,1
FLNDLLSVL,CASSIGTVNRGPNTEAFF,0.1879957,1
FLNDLLSVL,CASSESSSTGGKWDTQYF,0.34359246,1
AVGSHVYSV,CASSVDGGPQETQYF,0.68930054,1
AVGSHVYSV,CASSLAYEQYF,0.98560834,1
AVGSHVYSV,CASSFRGEAFF,0.7795905,1
WLSLLVPFV,CASSQQGVWGTGELFF,0.45886627,1
WLSLLVPFV,CASSQTIGTGFSNEQFF,0.3538475,1
WLSLLVPFV,CASSLGQGGVGEKLFF,0.35697004,1
FLFTFFASI,CSAIVFSRGGDEQFF,0.4035256,1
FLFTFFASI,CASSLRGTGSYEQYF,0.8111384,1
FLFTFFASI,CASSLQGGGGYTF,0.7927951,1
YLLAIFSGL,CASTLGQGNTEAFF,0.7085121,1
YLLAIFSGL,CASSGSGASTDTQYF,0.7450748,1
YLLAIFSGL,CASSLPDRGGTKNIQYF,0.22359297,1
GILEFVFTL,ASSSRSSYEQY,1.0,1
GILEFVFTL,ASSIRSSYEQY,1.0,1
GILEFVFTL,CASSIRSSYEQYF,0.98702675,1
TMSFSHLFYL,CASSIDRTVGNTIYF,0.41410455,1
TMSFSHLFYL,CASSLGGGGPQETQYF,0.70636743,1
TMSFSHLFYL,CASSPDPSGNEQFF,0.7677867,1
IPLTEEAEL,ASRTRGGTLIEQY,1.0,1
IPLTEEAEL,CASRTRGGTLIEQYF,0.32050356,1
IPLTEEAEL,CASSFRGGKTQYF,0.4039627,1
LIFNMLYWI,CASSSQTGPYSNQPQHF,0.7410511,1
LIFNMLYWI,CASSLAQSDSLAFF,0.26625347,1
LIFNMLYWI,CASFNTGELFF,0.9390449,1
FMIGYASAL,CSARDRSGIDTQYF,0.481061,1
FMIGYASAL,CASSDRQGIATGELFF,0.4414687,1
FMIGYASAL,CASSFGSGNTIYF,0.88223577,1
ILLDWAANI,CASSYFRQSYEQYF,0.58139336,1
ILLDWAANI,CASSAGPWGYTF,0.48657703,1
ILLDWAANI,CASSGDKNEAFF,0.44507208,1
TMAAISNTV,CASSVTSDQTQYF,0.42294407,1
TMAAISNTV,CASSQWGGNEQFF,0.8880368,1
TMAAISNTV,CASSFLLYNEQFF,0.6268073,1
GLMAIAWFI,CASSYQTGPYSNQPQHF,0.48591596,1
GLMAIAWFI,CSARVQGAYEQYF,0.80572087,1
GLMAIAWFI,CSARAGLRESTDTQYF,0.55887836,1
FILDAVQRV,CASSEIASYNEQFF,0.7099856,1
FILDAVQRV,CATSRTDISYEQYF,0.53511155,1
FILDAVQRV,CASSLFARGGPTDTQYF,0.74268824,1
KLYGLDWAEL,CASRPSRGTNYGYTF,0.3642019,1
KLYGLDWAEL,CASSERGMVEAFF,0.39067617,1
KLYGLDWAEL,CASSPRNLGPSGSYEQYF,0.2688172,1
YILEETSVM,CASSLVGGTGSVSYQFF,0.32549337,1
YILEETSVM,CASSVDGTGGALGNTIYF,0.28349802,1
YILEETSVM,CAWSWGDSTNSPLHF,0.29550204,1
SSCMGGMNWR,CASNLGGGSTDTQYF,0.23407641,1
SSCMGGMNWR,CASSLGTGSTDTQYF,0.7938715,1
SSCMGGMNWR,CASSFGSGSTDTQYF,0.47500083,1
KINAWIKVV,CSASRDSYEQYF,0.6686353,1
KINAWIKVV,CSAFSSGTGGVTGELFF,0.5015609,1
KINAWIKVV,CASSPRGDWEEKAGELFF,0.28182325,1
ARNLVPMVATVQGQN,CATESTGIGGYTF,0.39455676,1
ARNLVPMVATVQGQN,CASTDGQKNSPLHF,0.18029793,1
ARNLVPMVATVQGQN,CASSYNSAGYNEQFF,0.8857851,1
YMDGTMSQV,CASSLVMDNYGYTF,0.47675833,1
YMDGTMSQV,CSVTGTGLFDEQYF,0.9999969,1
YMDGTMSQV,CASSLGQGLSYEQYF,0.87948334,1
LIFNMFYWI,CASSFGQGYEQYF,0.9785528,1
LIFNMFYWI,CATSGGQSNEKLFF,0.42701912,1
LIFNMFYWI,CASSPGGTNEKLFF,0.8839125,1
NNILIATCV,CASSVLNTGELFF,0.8842756,1
NNILIATCV,CASSDTPDLNTEAFF,0.5516073,1
NNILIATCV,CASRGQNTGELFF,0.8090059,1
YVVTWIVGA,CASSPHSGGDPRNEQFF,0.32542548,1
YVVTWIVGA,CASLEAGGETQYF,0.359363,1
YVVTWIVGA,CASSESGAAYTGELFF,0.40470743,1
LHMEFCSCC,CASSVLNTGELFF,0.9413044,1
LHMEFCSCC,CAIRQFDANTGELFF,0.86782163,1
LHMEFCSCC,CASRGQNTGELFF,0.92667454,1
CHIPVEPNT,CASSVLNTGELFF,0.8196889,1
CHIPVEPNT,CASSIIAGSSYNEQFF,0.58600706,1
CHIPVEPNT,CASRGQNTGELFF,0.84294844,1
YLEAGPVTA,ASSFIGGTDTQYFG,1.0,1
YLEAGPVTA,ASSFIGGTDTQY,1.0,1
YLEAGPVTA,ASSIGGPYEQYFG,1.0,1
YLEPGAVTA,ASSFIGGTDTQYFG,1.0,1
YLEPGAVTA,ASSFIGGTDTQY,1.0,1
YLEPGAVTA,ASSIGGPYEQYFG,1.0,1
CLLGTYTQDV,CASSQERGGPDTQYF,0.67870754,1
CLLGTYTQDV,CSVDLEANYGYTF,0.9999993,1
CLLGTYTQDV,CASSSTGGGEKDQPQHF,0.58858514,1
SILDAVQRV,CASSEIASYNEQFF,0.62505937,1
SILDAVQRV,CATSRTDISYEQYF,0.50257325,1
SILDAVQRV,CASSLFARGGPTDTQYF,0.72385246,1
IMIEFCPGG,CASSVLNTGELFF,0.8408527,1
IMIEFCPGG,CASSIIAGSSYNEQFF,0.65695757,1
IMIEFCPGG,CASRGQNTGELFF,0.8513938,1
RCMLQCPSV,CASSVLNTGELFF,0.91454047,1
RCMLQCPSV,CAIRQFDANTGELFF,0.51475495,1
RCMLQCPSV,CASRGQNTGELFF,0.9017657,1
GTSGSPIVAR,CASSLGQGLLYGYT,1.0,1
GTSGSPIVAR,CASTTGGGGYEQY,0.9999918,1
GTSGSPIVAR,CASSLGQGSYEQY,0.99999976,1
KTVGIYPNA,CASSVLNTGELFF,0.90144235,1
KTVGIYPNA,CASSIIAGSSYNEQFF,0.6809638,1
KTVGIYPNA,CASRGQNTGELFF,0.8802925,1
CLLWSFQTSA,CASNDRGMFNEQFF,0.4721729,1
CLLWSFQTSA,CASSQDQGITEAFF,0.648669,1
CLLWSFQTSA,CASSDAGGHTDTQYF,0.6397666,1
GTSGSPIVDR,CASSLGQGLLYGYT,1.0,1
GTSGSPIVDR,CASTTGGGGYEQY,0.99998903,1
GTSGSPIVDR,CASSLGQGSYEQY,0.9999995,1
YHSIEWAI,CASSPGPNQPQHF,0.8865123,1
YHSIEWAI,CASSFRDEDPGNTIYF,0.2084875,1
YHSIEWAI,CASTPTGNTEAFF,0.46889672,1
FLNDLLSVM,CASIETESTGELFF,0.5288149,1
FLNDLLSVM,CASSIGTVNRGPNTEAFF,0.2617344,1
FLNDLLSVM,CASSESSSTGGKWDTQYF,0.41409144,1
ALEPGPVTA,ASSFIGGTDTQYFG,1.0,1
ALEPGPVTA,ASSFIGGTDTQY,1.0,1
ALEPGPVTA,ASSIGGPYEQYFG,1.0,1
GTSGAPIVNR,CASSLGQGLLYGYT,1.0,1
GTSGAPIVNR,CASTTGGGGYEQY,0.99999356,1
GTSGAPIVNR,CASSLGQGSYEQY,0.99999964,1
FDVMVMPNL,CASSVLNTGELFF,0.9223247,1
FDVMVMPNL,CASSIIAGSSYNEQFF,0.7341155,1
FDVMVMPNL,CASRGQNTGELFF,0.8906729,1
YLEPGPATA,ASSFIGGTDTQYFG,1.0,1
YLEPGPATA,ASSFIGGTDTQY,1.0,1
YLEPGPATA,ASSIGGPYEQYFG,1.0,1
GAVECCPNC,CASSVLNTGELFF,0.8451381,1
GAVECCPNC,CASRGQNTGELFF,0.76908714,1
GAVECCPNC,CASSILGASNQPQHF,0.6725923,1
YLEPGPVAA,ASSFIGGTDTQYFG,1.0,1
YLEPGPVAA,ASSFIGGTDTQY,1.0,1
YLEPGPVAA,ASSIGGPYEQYFG,1.0,1
RYPLTLGWCF,ASSSWDTGELF,1.0,1
RYPLTLGWCF,CASSSWDTGELFF,0.7223892,1
MLLKHDVSL,CASSLNMNTEAFF,0.8308102,1
MLLKHDVSL,CASRNTGTTNEKLFF,0.46047363,1
RHDLPPYRVYL,CASSSTGADSHEQFF,0.5849737,1
RHDLPPYRVYL,CASRLVRKKGEDQPQHF,0.24046586,1
FLGIYTVTV,CASSQESGGGTEAFF,0.7098198,1
FLGIYTVTV,CASSDNDWRLQYF,0.24944909,1
SVLENFTIFL,CASSDPRGQPNQPQHF,0.45350757,1
SVLENFTIFL,CASTQPVDMNTEAFF,0.30730435,1
GILGLVFTL,ASSSRSSYEQY,1.0,1
GILGLVFTL,CASSSRSSYEQYF,0.98886466,1
SLYNTIATL,ASSDTVSYEQY,1.0,1
SLYNTIATL,CASSDTVSYEQYF,0.65694726,1
TLSKPSPMPV,CASSYSPGTGNTIYF,0.48254415,1
TLSKPSPMPV,CASSLADVGQYDTDTQYF,0.33197123,1
EEYLKAWTF,CASSLGQAYEQYF,0.8860745,1
EEYLKAWTF,ASSLGQAYEQY,1.0,1
VMAPRTLVL,ASSANPGDSSNEKLF,1.0,1
VMAPRTLVL,CASSANPGDSSNEKLFF,0.3663909,1
FMLLTQARI,CASSEDAGNYGYTF,0.5638101,1
FMLLTQARI,CAGWDRTPYEQYF,0.47925287,1
MLWGYLQYV,ASRPGLAGGRPEQY,1.0,1
MLWGYLQYV,CASRPGLAGGRPEQYF,0.2814452,1
YQFGPDFPIA,CASSLWEKLAKNIQYF,0.16822296,1
YQFGPDFPIA,ASSLWEKLAKNIQY,1.0,1
YLLFMIGYA,CASSFASGGYNEQFF,0.8539372,1
YLLFMIGYA,CASSHSWGETQYF,0.39897934,1
FLASPSVPL,CASSQGGQDGHGTTNEKLFF,0.19131115,1
FLASPSVPL,CASIQDRDRPNSPLHF,0.2554764,1
LMLWASSSI,CASSQDWGAEAFF,0.53019905,1
LMLWASSSI,CASSQEQLGGEQYF,0.4156935,1
HPVGQADYFEY,ASSARSGELF,1.0,1
HPVGQADYFEY,CASSARSGELFF,0.85231346,1
ILGGQVVHTV,CATPSRAQYDYGYTF,0.5000234,1
ILGGQVVHTV,CAWSSSVNTEAFF,0.83137083,1
RQFGPDFPTI,CASSLWEKLAKNIQYF,0.35974097,1
RQFGPDFPTI,ASSLWEKLAKNIQY,1.0,1
AQWGPDPAAA,CASSLWEKLAKNIQYF,0.067772284,1
AQWGPDPAAA,ASSLWEKLAKNIQY,1.0,1
GEEDGAGGHSL,CASSQAGGTGELFF,0.8316219,1
GEEDGAGGHSL,CASSRSTGGSGNTIYF,0.47043598,1
SVLENFTILL,CASSENTGELFF,0.9070725,1
SVLENFTILL,CASRIPDRNEQFF,0.44180518,1
ESDPIVAQY,CASSFNMATGQYF,0.6030167,1
ESDPIVAQY,ASSFNMATGQY,1.0,1
VLLGVKLFGV,CASSSPRSSRDTDTQYF,0.6382652,1
VLLGVKLFGV,CASSSGYNEQFF,0.9526551,1
SLDLTTSPV,CASTPGTSASRDTQYF,0.37127122,1
SLDLTTSPV,CASSIGGQRYNEQFF,0.37042356,1
VLLGVKLSGV,CAWSVGNYGYTF,0.7856567,1
VLLGVKLSGV,CASSSAGTEAFF,0.9848165,1
ALWGPDPAAA,CASSLWEKLAKNIQYF,0.04310199,1
ALWGPDPAAA,ASSLWEKLAKNIQY,1.0,1
FLMASISSS,CASSLNTEAFF,0.95884645,1
FLMASISSS,CASSVDGTEETQYF,0.3925399,1
FLDEFMEGV,CASSLVTGGGEAFF,0.77658373,1
FLDEFMEGV,CATSAKTRLNTEAFF,0.18517898,1
RLIKHYPGI,CASSSSSGDEQYF,0.95316815,1
RLIKHYPGI,CASSSNIWSPDTQYF,0.57661813,1
TAMDLFVTV,CSARNRASYNSPLHF,0.16242519,1
TAMDLFVTV,CSARDWGYEQYF,0.5267342,1
ILAKFLHWL,ASSYQGTEAF,1.0,1
ILAKFLHWL,CASSYQGTEAFF,0.8788984,1
RLLPLLALL,CASSQDIGNFEQFF,0.5815902,1
RLLPLLALL,CSALTGNQPQHF,0.37573367,1
CPSQEPMSIYVY,CASRPGTSSYEQYF,0.7486944,1
CPSQEPMSIYVY,CASRPGTASYEQYF,0.60551786,1
RQFGPDWIVA,CASSLWEKLAKNIQYF,0.30419824,1
RQFGPDWIVA,ASSLWEKLAKNIQY,1.0,1
YLWPPVQLA,CASSLASQVETQYF,0.5736255,1
YLWPPVQLA,CASSYGLEQYF,0.9201855,1
ILDQVPFSV,CASSMGGTYEQYF,0.88594836,1
ILDQVPFSV,ASSPGGNEQL,1.0,1
GVYDGREHTV,CASSFLMTSGDPYEQYF,0.43811688,1
GVYDGREHTV,ASSSDQNSGDPYEQYF,0.9953306,1
YLGGPDFPTI,CASSLWEKLAKNIQYF,0.09374317,1
YLGGPDFPTI,ASSLWEKLAKNIQY,1.0,1
RQWGPDPAAV,CASSLWEKLAKNIQYF,0.21666867,1
RQWGPDPAAV,ASSLWEKLAKNIQY,1.0,1
FLTVFSPFM,CASSPWTGAEKLFF,0.362871,1
FLTVFSPFM,CASSQDRGKDTQYF,0.38434198,1
HPVGDADYFEY,ASSARSGELF,1.0,1
HPVGDADYFEY,CASSARSGELFF,0.94014823,1
KLSELHTYI,CASSYGQPNTEAFF,0.6358845,1
KLSELHTYI,CASSFGGASEAFF,0.7383402,1
MLGEQLFPL,CASSFGSGEQFF,0.81147027,1
MLGEQLFPL,CASSYGNTGELFF,0.9502928,1
FLSDHLYLV,CASSFRGNTGELFF,0.8866976,1
FLSDHLYLV,CASSVAGGSGNTIYF,0.4622504,1
FIMGISILL,CASSEMDGSNQPQHF,0.5323878,1
FIMGISILL,CASSYGVNTEAFF,0.8210204,1
KLPLDIDPV,CASTYRDSGNTIYF,0.2609452,1
KLPLDIDPV,CAISRGDTEAFF,0.6916383,1
SLFNTIAVL,ASSDTVSYEQY,1.0,1
SLFNTIAVL,CASSDTVSYEQYF,0.644633,1
LLFGYPVAV,ASRPGLAGGRPEQY,1.0,1
LLFGYPVAV,CASRPGLAGGRPEQYF,0.4007115,1
LLFGYAVYV,ASRPGLAGGRPEQY,1.0,1
LLFGYAVYV,CASRPGLAGGRPEQYF,0.3089996,1
KLANPLPYT,CSARGGGFETQYF,0.44162083,1
KLANPLPYT,CASSLGPGGASYTF,0.69123405,1
EEYLQAFTY,CASSLGQAYEQYF,0.86431766,1
EEYLQAFTY,ASSLGQAYEQY,1.0,1
EVDPIGHLY,CASSFNMATGQYF,0.5519679,1
EVDPIGHLY,ASSFNMATGQY,1.0,1
LMVPHSPSL,CASGGDAYEQYF,0.70210296,1
LMVPHSPSL,CASIPVGSRNTIYF,0.057899874,1
LGYGFVNYI,ASRPGLAGGRPEQY,1.0,1
LGYGFVNYI,CASRPGLAGGRPEQYF,0.21948059,1
MVWGPDPLYV,CASSLWEKLAKNIQYF,0.12289374,1
MVWGPDPLYV,ASSLWEKLAKNIQY,1.0,1
GLYDGMEHL,CASTSYTEAFF,0.4995203,1
GLYDGMEHL,CAGMTVTEAFF,0.49538174,1
ILIVMFPFL,CASSPVGDTQYF,0.9295085,1
ILIVMFPFL,CSVQGNSEAFF,0.9999995,1
LLFGYPRYV,ASRPGLAGGRPEQY,1.0,1
LLFGYPRYV,CASRPGLAGGRPEQYF,0.28335357,1
LIIPCIHLI,CASSFPDRGQGVYGYTF,0.2356015,1
LIIPCIHLI,CASSWWLNTEAFF,0.42798638,1
TEDEHFEFY,CSVEDRRGPFYGYTF,0.999997,1
TEDEHFEFY,CASSNRGYDEQYF,0.58391964,1
SAYGEPRKL,CASRLWFWALEAF,0.6437557,1
SAYGEPRKL,CASLAGQGYNEQF,0.99977726,1
KMDYFSGQL,CASSRDFVSNEQYF,0.43182653,1
KMDYFSGQL,CASSRDTVNTEAFF,0.69299847,1
SMDWFQGQM,CASSRDFVSNEQYF,0.40594137,1
SMDWFQGQM,CASSRDTVNTEAFF,0.598726,1
GEIYKRWII,CASSHTTGGRTEAFF,0.49974158,1
GEIYKRWII,CASSTKAGGLADTQYF,0.5209259,1
MMDFFNAQM,CASSRDFVSNEQYF,0.5082284,1
MMDFFNAQM,CASSRDTVNTEAFF,0.74220663,1
LMDYWQGQL,CASSRDFVSNEQYF,0.43377906,1
LMDYWQGQL,CASSRDTVNTEAFF,0.553599,1
FPQGEAREL,CASSPRGRDETQYF,0.546884,1
FPQGEAREL,CASSPRGREETQYF,0.5811601,1
FQAQHIAMA,CASSLRSSYEQYF,0.9108603,1
FQAQHIAMA,CASSPGGEGEQYF,0.88122386,1
NLQREEYTV,CASSTSAANQPQHF,0.6505416,1
NLQREEYTV,CASSGGTGYEQYF,0.9203956,1
LSEFCRVLCCYVLEE,CASSFATGTAYGYTF,0.364509,1
LSEFCRVLCCYVLEE,CASSNPQGAKYEQFF,0.33183813,1
YHSIEWA,CASSPGPNQPQHF,0.8843826,1
YHSIEWA,CASTPTGNTEAFF,0.46299186,1
AARAVFLAL,CASLGAQNNEQF,0.99992275,1
AARAVFLAL,CASSYSTGDEQYF,0.83435154,1
WLIRETQPITK,CASSLDFSRQETQYF,0.6509694,1
WLIRETQPITK,CASSLYLASNTGELFF,0.6663757,1
FMPDFDLHL,CASSLYRGTGELFF,0.89482874,1
FMPDFDLHL,CASSESRSGNQPQHF,0.7613336,1
KVDPIGHVY,CASSFDRGYGYTF,0.6545833,1
KVDPIGHVY,CASSSQGGYGYTF,0.7906779,1
NMMWFQGQL,CASSRDFVSNEQYF,0.44473797,1
NMMWFQGQL,CASSRDTVNTEAFF,0.46283406,1
YFFWGLWAL,CASSLIRGSYEQYF,0.78017676,1
YFFWGLWAL,CSARDRNYGYTF,0.3160277,1
GLLDEDFYA,CASSDRNTNYGYTF,0.3141457,1
GLLDEDFYA,CASSMRVQSNTGELFF,0.93564653,1
IMLEALERV,CASSESGRAEAFF,0.4111638,1
IMLEALERV,CASSPGKTEAFF,0.67284906,1
VQIISCQY,CASSGRVTGGFYNEQFF,0.45782796,1
VQIISCQY,CASSFGGAYEQYF,0.96239185,1
CVETMCNEY,CASSLARNQPQHF,0.6339387,1
CVETMCNEY,CASGGADMKTEAFF,0.49096996,1
KTFPPTEPK,CASSRAGTGYNEQFF,0.6949353,1
KTFPPTEPK,CASSPSVYFEVSGANVLTF,0.3826206,1
APRGPHGGAASAL,CASQTFSPGQTQF,0.99982697,1
APRGPHGGAASAL,CAILGQGYGYTF,0.37277105,1
YLRGRAYGL,ASSLGQAYEQY,1.0,1
YLRGRAYGL,ASSFTWTSGGATDTQY,0.99999106,1
TLRGRAYGL,ASSLGQAYEQY,1.0,1
TLRGRAYGL,ASSFTWTSGGATDTQY,0.999995,1
KLSGLGINAV,ASRRGSLELV,0.998779,1
KLSGLGINAV,ASRRSAYLQY,1.0,1
ELAGIGILAV,AWSETGLGMGGWQ,0.99999106,1
ELAGIGILAV,RPGWMAGL,0.99926835,1
VQYLGMLPV,CASSQNGSEAAYSNQPQHF,0.33384976,1
VQYLGMLPV,CASSTPGGWNTEAFF,0.47426033,1
ELAGIAILTV,AWSETGLGMGGWQ,0.9999963,1
ELAGIAILTV,RPGWMAGL,0.99951065,1
RVIGMPPPV,CASSIGDYEQYF,0.9284903,1
RVIGMPPPV,CASSTGADLTYEQYF,0.41637015,1
KIILFLPCI,CASSVLNTGELFF,0.87335837,1
KIILFLPCI,CASRGQNTGELFF,0.83886147,1
ALRGMGVNAV,ASRRGSLELV,0.99967957,1
ALRGMGVNAV,ASRRSAYLQY,1.0,1
ELAGIGIATV,AWSETGLGMGGWQ,0.99999475,1
ELAGIGIATV,RPGWMAGL,0.99942774,1
QLTSLGLNAV,ASRRGSLELV,0.99941254,1
QLTSLGLNAV,ASRRSAYLQY,1.0,1
FLRGRAYVL,ASSLGQAYEQY,1.0,1
FLRGRAYVL,ASSFTWTSGGATDTQY,0.9999931,1
MIISHLSLI,CASREQGMNTEAFF,0.53115803,1
MIISHLSLI,CASRPRQVETQYF,0.3891113,1
KLKSLGLNAV,ASRRGSLELV,0.99813604,1
KLKSLGLNAV,ASRRSAYLQY,1.0,1
ELAAIGILTV,AWSETGLGMGGWQ,0.9999963,1
ELAAIGILTV,RPGWMAGL,0.9995084,1
APRGPHGGAASGA,CASQTFSPGQTQF,0.99974424,1
APRGPHGGAASGA,CAILGQGYGYTF,0.3730609,1
FMLLTQARL,CASSEDAGNYGYTF,0.5612176,1
FMLLTQARL,CAGWDRTPYEQYF,0.4772746,1
ALAGIGILTV,AWSETGLGMGGWQ,0.9999968,1
ALAGIGILTV,RPGWMAGL,0.999244,1
APRGPHAGAASGL,CASQTFSPGQTQF,0.9999316,1
APRGPHAGAASGL,CAILGQGYGYTF,0.40509638,1
QLRTLGLNAV,ASRRGSLELV,0.99954164,1
QLRTLGLNAV,ASRRSAYLQY,1.0,1
AARGPHGGAASGL,CASQTFSPGQTQF,0.9997391,1
AARGPHGGAASGL,CAILGQGYGYTF,0.3771897,1
NLVAMVATV,ASSPVTGGIYGYT,1.0,1
NLVAMVATV,CASSLAPGTTNEKLFF,0.5876682,1
LLFNILGGWV,CASLGLEYEQYF,0.6049341,1
LLFNILGGWV,CATRGGEGQPQHF,0.55476123,1
TSTLQEQIGW,CASSQARGGAETQYF,0.798112,1
TSTLQEQIGW,CAISRQGARQETQYF,0.45718887,1
QDVEIPPNI,CASSVLNTGELFF,0.83399993,1
QDVEIPPNI,CASRGQNTGELFF,0.83772016,1
SYMIMEIEL,CASSQGIAGSNQPQHF,0.58565277,1
SYMIMEIEL,CASRDHRVIYGYTF,0.59662974,1
FLRGRAFGL,ASSLGQAYEQY,1.0,1
FLRGRAFGL,ASSFTWTSGGATDTQY,0.99999106,1
KLVVLGINAV,ASRRGSLELV,0.99882644,1
KLVVLGINAV,ASRRSAYLQY,1.0,1
QLRSLGLNAV,ASRRGSLELV,0.9989736,1
QLRSLGLNAV,ASRRSAYLQY,1.0,1
RLMKHYPGI,CASSSSSGDEQYF,0.96726793,1
RLMKHYPGI,CASSSNIWSPDTQYF,0.5494805,1
QLSSLGLNAV,ASRRGSLELV,0.9983581,1
QLSSLGLNAV,ASRRSAYLQY,1.0,1
APRGPHGGAAAGL,CASQTFSPGQTQF,0.9997693,1
APRGPHGGAAAGL,CAILGQGYGYTF,0.34747812,1
KLSELHAYI,CASSFGGASEAFF,0.7229361,1
RLWEPLRVV,CASSLAAGGGETQYF,0.683005,1
YMLTLHTKL,CASSFGQEEGQPQHF,0.5582764,1
HIAKSPFEV,CASSSGTGAYEQYF,0.82284164,1
RVRFFFPSL,CASSLASGSNQPQHF,0.51648605,1
NLFNRYLAL,CASSDGNEQFF,0.8632193,1
TLFTMVGTV,CASSPTAEAFF,0.8578834,1
FVYVFTTHL,CASSFNYNEQFF,0.90395564,1
YLVALGINAV,CASSFLGTGLNEQYF,0.6723716,1
KLSHQPVLL,CASSFSATGELFF,0.8772374,1
NLAQTDLATV,CASSHRGSGNTIYF,0.6100785,1
VYFFLPDHL,CASSLLPEGTGRVSGYTF,0.3569652,1
KIFGSLAFL,CASSLEIFGGIADTDTQYF,0.54451,1
FQDYIKSYL,CASSHHSGGIYNEQFF,0.43196204,1
EFTVSGNIL,CASSPGVGTEAFF,0.9646316,1
YTSEILSPI,CASSALAGGYNEQFF,0.6883855,1
ALLQVTLLL,CASSSTDGYQETQYF,0.4994176,1
FLGIYTVTVV,CSVPGTAYEQYF,0.999998,1
LLFGLALIEV,CASTWTGEQYF,0.37503326,1
QLCDVMFYL,CASSLFTGTNEQFF,0.77925456,1
EEAAGIGIL,CASSPHAGGVDEKLFF,0.07374775,1
YLYDRLLRV,CASSLDQGAQDNEQFF,0.4026356,1
HQLGGVVEV,CASSMGTGGFYGYTF,0.45619613,1
LLFAAFSSA,CASSQDWAASNSPLHF,0.33399746,1
QLIPCMDVV,CASSPGPYEQYF,0.98214483,1
VLFAAFSSA,CASSQGYEQYF,0.99301565,1
RVSTLRVSL,CASSLSWGSSYNEQFF,0.826419,1
KLAKPLPYT,CASDPDSLIHNTGELFF,0.63453406,1
RYGSFSVTL,CASSLMGGGNTIYF,0.5796996,1
MEVDPIGHLY,CSANPRTTLYEQYF,0.22233278,1
HQNPVTGLLL,CASSPGREQYF,0.9373113,1
SLLQGSPHV,CASSPPDQVYNEQFF,0.71441257,1
FLWSVFMLI,CASSLAENSGNTIYF,0.26347032,1
GLSPNLNRFL,CASSAGLFPEQFF,0.745807,1
HIVEISTPV,CASSLRTNSDTQYF,0.42635527,1
HRRGSRSYV,CATSSEDSSNQPQHF,0.57379645,1
YLSNIIPAL,CASSLVSPSEQFF,0.80578905,1
VMIIVSSLAV,CSVGLGQTGTEAFF,1.0,1
FQLNQSFEI,CASSGPIVETQYF,0.6235635,1
VLASPSVPL,CASSQGGQDGHGTTNEKLFF,0.27363193,1
ESITGSLGPLL,CASSPGASYEQYF,0.9611431,1
FSFPLDFLV,CASSLTGSSDTQYF,0.7898881,1
LYPEFIASI,CATSFAPGQGEHGYTF,0.25933287,1
KLLAGDEIV,CAISESKGNYGYTF,0.43772373,1
GLLHHAPSL,CASSFEWSYEQYF,0.89624983,1
LVIGMPPPV,CASSTGADLTYEQYF,0.32027102,1
LLIDLTSFLL,CASSESTIVQGYNEQFF,0.38850498,1
ALLETLSLLL,CSARNRDTYYNEQFF,0.21485846,1
MLIGIPVYV,CASSTSTGQGWHYGYTF,0.60230577,1
LLWNTVWNM,CASSSTGGGGELFF,0.85650355,1
RLHDLVFPL,CAITSGFSYEQYF,0.37964806,1
RLHDLVLPL,CATQWTGGHEQYF,0.44099376,1
YLSFYTAEQL,CASRTDRFLGAFF,0.2927973,1
FGDVGSTLF,CASSANRGPDTEAFF,0.44808495,1
EDVPSGKLFMHVTLG,CASAGETQYF,0.6625788,1
SLLLLSVSV,CSVPVFGRGTGELFF,0.9999895,1
KLVALVINAV,CASRRGPYEQYF,0.9020699,1
YLCLQNNFI,CASSLWAGHGYTF,0.31414786,1
YLLPAIVHI,CASSWDYTEQYF,0.7628928,1
ALWGFFPVL,CASSDWVSYEQYF,0.50164586,1
YLQQNWWTL,CASSGLAGFSPQETQYF,0.5218093,1
KLEFMDWRL,CASSPSGLAGSNLGNEQFF,0.5098754,1
VLEEVDWLI,CASSPSGLAGSNLGNEQFF,0.5476334,1
LLQCTQQAV,CASSQDRGIGYGYTF,0.46396634,1
LLFGKPVYV,CASRPGLAGGRPEQYF,0.37413332,1
YMPTTIIAA,CASSWTGDSNQPQHF,0.4455737,1
MLMLAVIVA,CASSLGQGDFGETQYF,0.6210897,1
KVAELVHFL,CATWDSGNIQYF,0.41536295,1
LMDMHNGQL,CASSRDTVNTEAFF,0.72097075,1
TLEYMDWLV,CASSPSGLAGSNLGNEQFF,0.5427354,1
RLLQCTQQAV,CASSPVYGVAYEQYF,0.71628886,1
LPEPLPQGQLTGY,CASPGLAGEYEQYF,0.43951702,1
TLEELDWCL,CASSPSGLAGSNLGNEQFF,0.55989623,1
EMMLFDWKV,CASSPSGLAGSNLGNEQFF,0.4700483,1
TMDFYQGQL,CASSRDFVSNEQYF,0.32259396,1
ALVGAIPSI,CASSFSAREYGYTF,0.3373165,1
AMAVLYLAL,CSAIYREGNTGELFF,0.8632097,1
SMGVTYEM,CASSLVNGLGYTF,0.6138746,1
RMDYNNMQM,CASSRDTVNTEAFF,0.6843467,1
NVEYYDIKL,CASSPSGLAGSNLGNEQFF,0.25828564,1
LPEPLPQGGLTAY,CASPGLAGEYEQYF,0.44489336,1
LPEPLPQAQLTAY,CASPGLAGEYEQYF,0.4882482,1
KQWLVWLFL,CASSRTSPTDTQYF,0.4248569,1
KLTESLHKV,CASSSTRGWADTQYF,0.57360566,1
YMGVVYEM,CASSLVNGLGYTF,0.8157204,1
FMGVTYEM,CASSLVNGLGYTF,0.7753974,1
LPEGLPQGQLTAY,CASPGLAGEYEQYF,0.45049876,1
YMLDLQPETT,CASSLLGLIKETQYF,0.21250656,1
FMYSDFHFI,CASSPTGTGYNEQFF,0.9057233,1
VPLTEDAEL,CASRTRGGTLIEQYF,0.35188726,1
EHEGSGPEL,CASSLAGSKLYEQYF,0.24751693,1
SYMIMEIE,CASRDHRVIYGYTF,0.6019483,1
WLDNFELCL,CASSPSGLAGSNLGNEQFF,0.496879,1
QTNPVTLQY,CASSLNSGHTQYF,0.5864839,1
YLSHLPLTCKF,CASSPRPLEGLYGYTF,0.38766226,1
TYDTVHRHL,CASSLDREDEQYF,0.9187066,1
VLDLFQGQL,CASSRDTVNTEAFF,0.59286815,1
HIMPDTAEI,CSVRSGNEQFF,0.9999999,1
TLYSLTLLY,CATGTGGNDYEQYF,0.53276193,1
RILLVAASY,CASSLYRGKETQYF,0.6346077,1
LLFGPVYV,CASRPGLAGGRPEQYF,0.32986134,1
SMLGIGIVPV,CASSLSFGTEAFF,0.9489837,1
VLNGTVHPV,CASSESQGDYYGYTF,0.42707422,1
ILCETCLIV,CASSDLPGAPTDTQYF,0.44827205,1
EMLFSHGLVK,CASSPGTVKETQYF,0.4560548,1
AMAGSPVFL,CASSHDDRGPNEKLFF,0.3321115,1
LPEPLPQGQGTAY,CASPGLAGEYEQYF,0.45145616,1
MLFSHGLVK,CAWSAASGGAQDTQYF,0.24015287,1
MMWDRGLGMM,CASSLSFGTEAFF,0.8930478,1
IAMAVLYLA,CASSFGTGGYEQYF,0.96363175,1
MVNTVAGAMK,CASSVGGGVTDTQYF,0.5831342,1
LASYFFWGL,CASSGRSTDTQYF,0.7006985,1
KLVALGINNV,CASSYSPGTGNTIYF,0.71938145,1
WSYDSTLLAY,CASSVERENTGELFF,0.41835454,1
CISSCNPNL,CASSFGGGLQETQYF,0.5451049,1
RSGGFSFGK,CASSPNPQGANMDTQYF,0.47701174,1
FVVPYMIYLL,CASSLSGGLLRTGELFF,0.36316672,1
MPYGYVLNEF,CASRPWTGANEKLFF,0.3993582,1
FSSEVLNLV,CSVRVGTQYF,0.99998915,1
TLREIRRYQK,CASSQEFVGAVLDTQYF,0.59173584,1
SLLLLPVSV,CASSLSYTPHQPQHF,0.4628669,1
RMEQVDWTV,CASSPSGLAGSNLGNEQFF,0.69339955,1
YMGVSYEM,CASSLVNGLGYTF,0.81398267,1
RLDAMNGQL,CASSRDTVNTEAFF,0.65304047,1
SLSKILDTV,CASSPLDVSISSYNEQFF,0.46077895,1
GPEPLPQGQLTAY,CASPGLAGEYEQYF,0.4783133,1
NMEYMTWDV,CASSPSGLAGSNLGNEQFF,0.45523775,1
LPEPLPQGQLGAY,CASPGLAGEYEQYF,0.4562569,1
KLEQLDWTV,CASSPSGLAGSNLGNEQFF,0.622471,1
KLSEGDLLA,CASDEKLFF,0.6552356,1
KMGVTYEM,CASSLVNGLGYTF,0.7496219,1
EVLPFFLFF,CASSHQAGALYNEQFF,0.40452874,1
FLPDLNVNA,CASSLAYRPYEQYF,0.68466544,1
GMDYHNGHL,CASSRDTVNTEAFF,0.6820275,1
ALGIGILTV,CASSFLGTGVEQYF,0.3845906,1
FRNEGIHL,CASSVGNGASTDTQYF,0.55803436,1
EFFWDANDIY,CASSLGGNLYEQYF,0.60320985,1
DEEDAIAAY,CASSPGGGKETQYF,0.68863064,1
LPEPLGQGQLTAY,CASPGLAGEYEQYF,0.44956234,1
LLEDLDWDV,CASSPSGLAGSNLGNEQFF,0.40153062,1
TMETIDWKV,CASSPSGLAGSNLGNEQFF,0.6041484,1
ALWGPDPAA,CASSLVPLSPEQYF,0.20158443,1
SLDPTTSPV,CASSTINTNSPLHF,0.19105923,1
FLTGIGIITV,AWSETGLGTGELF,1.0,1
YIFLGNLAL,CASSGRQGIDTEAFF,0.37517682,1
LPEALPQGQLTAY,ASPGLAGEYEQY,1.0,1
ACDPHSGHFV,CASSVVAGFNEQFF,0.64764005,1
ALSYTPVEV,CASSSDRGEQFF,0.7644744,1
FFAGGIGIRTI,AWSETGLGTGELF,1.0,1
LLHGFSFYL,CATSTRDTGNEQFF,0.5314375,1
NLVPTVATV,ASSPVTGGIYGYT,1.0,1
ELGGIGILTV,RPGWMAGL,0.99879897,1
WLLPAWGV,AWSETGLGTGELF,1.0,1
TMSSSHLFYL,CASSLGGGGPQETQYF,0.71167904,1
LTLTPEIAPYF,CASTGSYGYTFGSGTRLTVT,0.99754673,1
DLAGIGILTV,RPGWMAGL,0.9980702,1
ILAAFLHWL,ASSYQGTEAF,1.0,1
RLSDFSEQL,CASTPLSNQPQHF,0.31986734,1
LTISPEIPPYF,CASTGSYGYTFGSGTRLTVT,0.98213255,1
KSFVPELKPAF,CASTGSYGYTFGSGTRLTVT,0.985925,1
SLYNTVATLY,CASSDSLGDRGSYEQYF,0.4632962,1
SSFSPELRMRW,CASTGSYGYTFGSGTRLTVT,0.99390256,1
YIDDVVLGA,CASSYLTGEGDYGYTF,0.44523212,1
NLVPMVAAV,CASSLAPGTTNEKLFF,0.56796277,1
NLVPQVATV,ASSPVTGGIYGYT,1.0,1
LPEPLPQGQATAY,ASPGLAGEYEQY,1.0,1
EIAGIGILTV,RPGWMAGL,0.99940765,1
FLNVFFPLL,CSAPSYRELAGAYLQETQYF,0.3018865,1
CLGALLTMV,ASSYVSQNNEQF,1.0,1
RLLCALTSL,CSALTGNQPQHF,0.46187544,1
FVGEFFTDV,CASSHRGSGNTIYF,0.72662306,1
RIAAWMATY,CASSPGGGASYEQYF,0.8780842,1
LSLRPEIPLFF,CASTGSYGYTFGSGTRLTVT,0.98926276,1
LLYGFVNYV,ASRPGLAGGRPEQY,1.0,1
FMLYLVTLM,CASSYGVNTEAFF,0.875577,1
NSLKPEIPDYF,CASTGSYGYTFGSGTRLTVT,0.9906192,1
GSLAPEIRMYW,CASTGSYGYTFGSGTRLTVT,0.99898094,1
IAGLGLLTV,RPGWMAGL,0.9988555,1
LTITPEIAPFF,CASTGSYGYTFGSGTRLTVT,0.99760205,1
YMDDVVLGA,CASSYLTGEGDYGYTF,0.42949966,1
ELAGIGLLTV,RPGWMAGL,0.99943477,1
HSKKKCDEI,ASSLRGRGDQPQH,1.0,1
YVNELVVFV,CASSALAGGYNEQFF,0.84092283,1
FLAGGIGIRTL,AWSETGLGTGELF,1.0,1
KSLTPEVRGYW,CASTGSYGYTFGSGTRLTVT,0.99674183,1
YLCSGSSYFV,CASSDGGISYNEQF,0.99996424,1
NLVPVVATV,ASSPVTGGIYGYT,1.0,1
ELAGIGIITV,RPGWMAGL,0.9994387,1
APRGPAGGAASGL,CASQTFSPGQTQF,0.99987984,1
FWLLPAWAL,AWSETGLGTGELF,1.0,1
LMASISSFL,CASSFGGLYGYTF,0.76210153,1
RSFVPEIGMGF,CASTGSYGYTFGSGTRLTVT,0.9935661,1
SLLQGSPHL,CASSPPDQVYNEQFF,0.71498036,1
ASFSPELRMAW,CASTGSYGYTFGSGTRLTVT,0.9987973,1
GTIRPEIPDYF,CASTGSYGYTFGSGTRLTVT,0.996797,1
LPEPLPQGALTAY,ASPGLAGEYEQY,1.0,1
YVTAMDIFV,CASSYGQPNTEAFF,0.5987433,1
HSRKKCDEL,ASSLRGRGDQPQH,1.0,1
KAANIVLTV,CASSPSWLSGVTQYF,0.4835336,1
APRGAHGGAASGL,CAILGQGYGYTF,0.38568982,1
SVASTITGV,CASSYFGGSLSEQYF,0.6394333,1
FLEIYTVTV,CASSDNDWRLQYF,0.3007689,1
FATGIGIITV,AWSETGLGTGELF,1.0,1
ELAGIGILSV,RPGWMAGL,0.9990657,1
LSITPEISPYF,CASTGSYGYTFGSGTRLTVT,0.9920981,1
SLVALGINAV,CASSFLGTGLNEQYF,0.7101548,1
LTISPEIPSYF,CASTGSYGYTFGSGTRLTVT,0.99045044,1
GSLSPELRPIF,CASTGSYGYTFGSGTRLTVT,0.9883618,1
WTYRPEVRGVW,CASTGSYGYTFGSGTRLTVT,0.9975466,1
YLCSGSSYF,CASSDGGISYNEQF,0.99997497,1
YLVALGVNAV,CASSFLGTGLNEQYF,0.72408336,1
GIWGFVFTL,ASSSRSSYEQY,1.0,1
LSITPEIAPYF,CASTGSYGYTFGSGTRLTVT,0.9960173,1
WLLPTWGV,AWSETGLGTGELF,1.0,1
YSFKPELKEIF,CASTGSYGYTFGSGTRLTVT,0.99602294,1
SALRPEIRLLW,CASTGSYGYTFGSGTRLTVT,0.99634796,1
NLVPMVASV,ASSPVTGGIYGYT,1.0,1
CLGGLATMV,ASSYVSQNNEQF,1.0,1
SSGVPEVRMMF,CASTGSYGYTFGSGTRLTVT,0.9934307,1
NSFRPEVAMKY,CASTGSYGYTFGSGTRLTVT,0.9897859,1
GTIRPEIREMW,CASTGSYGYTFGSGTRLTVT,0.99895144,1
APQPAPENAY,ASPGLAGEYEQY,1.0,1
FITGISILL,CASSEMDGSNQPQHF,0.51774645,1
KSLAPEVRDLF,CASTGSYGYTFGSGTRLTVT,0.9926911,1
NLNRCSVPV,CASSLDIGDQPQHF,0.36376268,1
ILITQVLGL,CASSISPSSYEQYF,0.85978144,1
YMVLASPSV,CASSGRQGIDTEAFF,0.3108616,1
KSCTPEVREYF,CASTGSYGYTFGSGTRLTVT,0.9953021,1
YVDDVVLGA,CASSYLTGEGDYGYTF,0.46158645,1
LLYGFVNYI,ASRPGLAGGRPEQY,1.0,1
YLDELIKNT,CASSALAGGYNEQFF,0.85078293,1
CLGGLLAMV,ASSYVSQNNEQF,1.0,1
RSLAPEVRGYW,CASTGSYGYTFGSGTRLTVT,0.9953003,1
FLPSDFFPSV,CASSRRRDLGNEQFF,0.3356366,1
LTITPEIAPYF,CASTGSYGYTFGSGTRLTVT,0.99760157,1
SWISDIRAGTAPLCRNHIKSSCSLI,CASSYSKAGGPGEDTQYF,0.15054685,1
FWLLGAWAL,AWSETGLGTGELF,1.0,1
LGIGVITI,RPGWMAGL,0.99775875,1
YLNELVVFV,CASSYGQPNTEAFF,0.6925781,1
NSVKPEIRPVW,CASTGSYGYTFGSGTRLTVT,0.98584336,1
ILAKFAHWL,ASSYQGTEAF,1.0,1
FLRGRFYGL,ASSLGQAYEQY,1.0,1
ELAGIGILTI,RPGWMAGL,0.9994537,1
HPVAEADYFEY,ASSARSGELF,1.0,1
FMSAYSGVL,CASSLIDSPYEQYF,0.81655514,1
LSGSPELRMIF,CASTGSYGYTFGSGTRLTVT,0.9889213,1
LLFGYPVFV,ASRPGLAGGRPEQY,1.0,1
NLVGMVATV,ASSPVTGGIYGYT,1.0,1
HSKRKCDEL,ASSLRGRGDQPQH,1.0,1
YLQDSLATT,CASSLNTEAFF,0.97877,1
ELAGIGILTA,RPGWMAGL,0.9994485,1
MLGERLFPL,CASSLDIGDQPQHF,0.6489744,1
KLQCVDLHV,CASSFRGPNLYTEAFF,0.41302615,1
APAGPHGGAASGL,CAILGQGYGYTF,0.36543396,1
AIMDKNIIL,CASSVDGGSQPQHF,0.49830806,1
VYAIFIFQL,CASSFPTSGQETQYF,0.3975471,1
ELAGIGALTV,AWSETGLGMGGWQ,0.9999944,1
WLWEPLRVV,CASTLGQGNTEAFF,0.7353367,1
ALVPMVATV,CASSLAPGTTNEKLFF,0.5528651,1
LTITPEIRPYF,CASTGSYGYTFGSGTRLTVT,0.99582714,1
YVTAMDLFV,CASSYGQPNTEAFF,0.6032835,1
LPLKMLNI,CASSSGQVQETQYF,0.75535285,1
LVFPLVMGV,CASSPTAEAFF,0.8382903,1
YLYDRLLRI,CASSLDQGAQDNEQFF,0.4076099,1
RTYVPEIKHRW,CASTGSYGYTFGSGTRLTVT,0.9920792,1
MVIGIPVYV,CASSTSTGQGWHYGYTF,0.5897513,1
CLAGLLTMV,ASSYVSQNNEQF,1.0,1
ASFRPELAEFW,CASTGSYGYTFGSGTRLTVT,0.9982754,1
NLAPMVATV,CASSLAPGTTNEKLFF,0.612036,1
ALGGLLTMV,ASSYVSQNNEQF,1.0,1
LAITPEIAPYF,CASTGSYGYTFGSGTRLTVT,0.9971456,1
VQYLGMFPV,CASSGSGAPGTGELFF,0.64273334,0
VQYLGMFPV,CASTSRAGRDTEAFF,0.4141263,0
VQYLGMFPV,CSAKEQGPTDTQYF,0.42995718,0
VQYLGMFPV,CASGPEPDRGRPYEQYF,0.4265601,0
YLDELIRNT,CASSQGQMAANNNSPLHF,0.34291747,0
YLDELIRNT,CSAMTSGRILSTDTQYF,0.48410907,0
YLDELIRNT,CATSDTTLETQYF,0.2835343,0
YLDELIRNT,CASSLGGQTLLAKNIQYF,0.30375317,0
ALSYTPAEV,CASSSGHQREQYF,0.5273541,0
ALSYTPAEV,CASSESTLYGYTF,0.49039447,0
ALSYTPAEV,CAWTGLGITEAFF,0.6936461,0
ALSYTPAEV,CASSLDGVPWDTQYF,0.28163522,0
LLIASVTWL,CASSQDLTALGEKLFF,0.31235266,0
LLIASVTWL,CSARDRWLAGEPEQFF,0.15154366,0
LLIASVTWL,CASSQDYGAGANVLTF,0.38001296,0
LLIASVTWL,CASIPAGITEAFF,0.37584278,0
FLNVLFPLL,CASSIQKGVINGYKF,0.3522155,0
FLNVLFPLL,CSARANTYNEQFF,0.5754406,0
FLNVLFPLL,CASSLLEDREETQYF,0.59309953,0
FLNVLFPLL,CASTRGSGRTTDTQYF,0.25139996,0
ALIHHNTHL,CASSMGPGQVGNQPQHF,0.10171499,0
ALIHHNTHL,CASSLEPRGQGLVEQYF,0.26739013,0
ALIHHNTHL,CASSVLGSEMNTEAFF,0.35725728,0
ALIHHNTHL,CASSLDAQQYF,0.3800614,0
VLNPFIYTL,CASSLGTRRVGYTF,0.1407935,0
VLNPFIYTL,CASISPLHF,0.49523202,0
VLNPFIYTL,CASRRTGLGKLFF,0.13002132,0
VLNPFIYTL,CASSRTGGINTGELFF,0.4984494,0
VVTGVLVYL,CASSRDDSRPSPLHF,0.37526932,0
VVTGVLVYL,CASSLTSIRYTEAFF,0.3312783,0
VVTGVLVYL,CASSQARLLSSYEQYF,0.5330068,0
VVTGVLVYL,CASSSTYLTGVNTEAFF,0.38332403,0
LLLNMLIVL,CASSQSTGKNSPLHF,0.3027113,0
LLLNMLIVL,CASSFWNSGQFF,0.4886651,0
LLLNMLIVL,CASRLAGHVVNTEAFF,0.3467005,0
LLLNMLIVL,CASSPGSSTSGQPQHF,0.25532275,0
VLENFTIFLV,CASSYSPGQYGYTF,0.44187158,0
VLENFTIFLV,CASSYSDMLSSYNSPLHF,0.31675276,0
VLENFTIFLV,CATSSIAGVGELFF,0.44265068,0
VLENFTIFLV,CASSLPGGQYGYTF,0.48790988,0
KLSREIMPV,CSAHPAASSTDTQYF,0.39133114,0
KLSREIMPV,CASSLMGTSHTDTQYF,0.49018914,0
KLSREIMPV,CASTYGGDTQYF,0.6054608,0
KLSREIMPV,CASSTSGSPDEKLFF,0.36308765,0
FIYQYYSSI,CASSYRGYVGQYF,0.5145923,0
FIYQYYSSI,CASSYGQGRPVEETQYF,0.2335242,0
FIYQYYSSI,CSARDMSGGYLKETQYF,0.4160113,0
FIYQYYSSI,CASSQEGGSPTSPLHF,0.2778535,0
KLLAGVEIV,CAGPWDRGRGEQYF,0.2075079,0
KLLAGVEIV,CASSSPIGPANEQFF,0.4308227,0
KLLAGVEIV,CASGTRGVNEQFF,0.30577862,0
KLLAGVEIV,CASSLQPHGNEQFF,0.60560125,0
FLFMYLVTV,CASSLVPSDRDYGYTF,0.38552302,0
FLFMYLVTV,CASSYSRGRAGQAKNIQYF,0.08913775,0
FLFMYLVTV,CASSLAQGSQGEDTQYF,0.35851103,0
FLFMYLVTV,CASSPQGGSGEAFF,0.37511307,0
VMAPRTLIL,CAWTGTWMGSPLHF,0.36273423,0
VMAPRTLIL,CASSQVSTSYTDTQYF,0.64658046,0
VMAPRTLIL,CASGLFTGYSNQPQHF,0.48738077,0
VMAPRTLIL,CASRMTGGRAGELFF,0.41168287,0
APARLERRHSA,CASSIRGAGTDTQYF,0.6441623,0
APARLERRHSA,CSAIIPGTRINTEAFF,0.4156668,0
APARLERRHSA,CASSPQSHKAATEAFF,0.45063922,0
APARLERRHSA,CASDALRDIHTF,0.3137829,0
KLFEFLVHGV,CASSWSTGSEKQYF,0.488752,0
KLFEFLVHGV,CASSQVAYGTSGYDTQYF,0.35509378,0
KLFEFLVHGV,CSARDVREAWVGRGDNEQFF,0.3198946,0
KLFEFLVHGV,CSAPFVGRDEQYF,0.43519756,0
KASEKIFYV,CATSRGGTALNTIYF,0.2637098,0
KASEKIFYV,CSARPRQGPRSAEAFF,0.1121961,0
KASEKIFYV,CATSRGTGRGNQPQHF,0.24247792,0
KASEKIFYV,CASSLGRVGGEAFF,0.43291765,0
TAMDIFVTV,CASSEYRTGGATEAFF,0.370459,0
TAMDIFVTV,CASSPHPGVPSYEQYF,0.23077925,0
TAMDIFVTV,CASSINPRSPTDTQYF,0.58050776,0
TAMDIFVTV,CASSLGDDTLGERLFF,0.4180732,0
KLNTITAVV,CASSPTRDSPYEQYF,0.5701543,0
KLNTITAVV,CASRHRDTGYEQYF,0.36898905,0
KLNTITAVV,CASSQEGGAPQAFF,0.64358705,0
KLNTITAVV,CASSLRSAVTYEQYF,0.38836765,0
LMMPFSIVYI,CASSRRLRNEQFF,0.54232717,0
LMMPFSIVYI,CAWSVPPGLAEIYEQYF,0.2990006,0
LMMPFSIVYI,CASSFSGQRLNEKLFF,0.4049441,0
LMMPFSIVYI,CASSPYTGTSGSYEQYF,0.64855653,0
ALIHHNTYL,CASSVGPLGATNEKLFF,0.29046148,0
ALIHHNTYL,CAWSPRDSNTEAFF,0.30030626,0
ALIHHNTYL,CASSLIGGTSGYTF,0.49819306,0
ALIHHNTYL,CASSLQGRQGAYEQYF,0.5764415,0
LLAIKVPNV,CASSLWGVAGLAGLYEQYF,0.26881054,0
LLAIKVPNV,CASSLAARPADTQYF,0.3417155,0
LLAIKVPNV,CATRAGVPHEQYF,0.41046247,0
LLAIKVPNV,CASSLGGRPEGTEAFF,0.39041555,0
SIIGRLLEV,CASSPEGFDSSYNSPLHF,0.40250552,0
SIIGRLLEV,CSARDDPGYTF,0.48170897,0
SIIGRLLEV,CASSEAELYRDQPQHF,0.4751112,0
SIIGRLLEV,CASSPGRWRGHGTQYF,0.36416572,0
EENLLDFVRF,CASSYATSGRVGEQYF,0.1725088,0
EENLLDFVRF,CASSPQLAEPYEQYF,0.2535612,0
EENLLDFVRF,CASSEGRTSLKTQYF,0.29453233,0
EENLLDFVRF,CASSSRTQGGDTEAFF,0.76676154,0
YLLFMIGYT,CARPGRGAMAEAFF,0.09394165,0
YLLFMIGYT,CSAHPGSNPNTEAFF,0.2878621,0
YLLFMIGYT,CASSMPGQVTSPLHF,0.3105365,0
YLLFMIGYT,CASSPLVAGEETQYF,0.36772352,0
RMAAISNTV,CASRATTMIAGTGELFF,0.27386418,0
RMAAISNTV,CASSLAASEPQHF,0.34208637,0
RMAAISNTV,CASRPGGPSYNEQFF,0.5428664,0
RMAAISNTV,CASSRDSGYVYTF,0.4183559,0
VYALIAGATL,CASSLALAGAGGYGYTF,0.5179983,0
VYALIAGATL,CSARVGDYQGSGANVLTF,0.5730662,0
VYALIAGATL,CASSFDVDGELFF,0.6289948,0
VYALIAGATL,CASSARPGISYNEQFF,0.42766687,0
KLSHQLVLL,CASSRPSGQLSYEQYF,0.7028352,0
KLSHQLVLL,CAISESNILGGELFF,0.48057583,0
KLSHQLVLL,CASSYSAAGVGNQPQHF,0.37119532,0
KLSHQLVLL,CASSQDSSVGGEQFF,0.6021298,0
GPGMKARVL,CASSYSWRSGANGLTF,0.11755325,0
GPGMKARVL,CASSSGTSGRTFAFHEQYF,0.29282737,0
GPGMKARVL,CASTQLTSGTYEQYF,0.40039223,0
GPGMKARVL,CASSQGGSTAYQPQHF,0.44096762,0
AAFKRSCLK,CATSEGLHQFF,0.3988721,0
AAFKRSCLK,CASSFDSRGLTDTQYF,0.57330173,0
AAFKRSCLK,CASSIADGRLDNEQFF,0.4584304,0
AAFKRSCLK,CASSVGAKGTLEQYF,0.37057024,0
FLKETGGL,CASSVVGQGTRELFF,0.5311542,0
FLKETGGL,CASSLEDRGRGANVLTF,0.49341798,0
FLKETGGL,CASSQERPIGREKLFF,0.25901604,0
FLKETGGL,CSASPAQAGQGLLDTQYF,0.3525148,0
RPHERNGFTV,CATSDYRGLLTTNEQFF,0.36452934,0
RPHERNGFTV,CASRKTGLGYNEQFF,0.4823867,0
RPHERNGFTV,CASSLVSSGGASLTGELFF,0.5024028,0
RPHERNGFTV,CASSEFLDVEQYF,0.35444057,0
FLKEQGGL,CSARHISGGGQPQHF,0.44663295,0
FLKEQGGL,CASSLIRDGDEQYF,0.68093824,0
FLKEQGGL,CSAHISPGDFRNQPQHF,0.61837703,0
FLKEQGGL,CASSPKGLVSETQYF,0.4201188,0
FLKEMGGL,CASSSWLGQFF,0.43598875,0
FLKEMGGL,CASSDTSGRVSTDTQYF,0.5497674,0
FLKEMGGL,CASRPRDRGYTQYF,0.40484542,0
FLKEMGGL,CASHRTGGIYEQYF,0.5801782,0
HMTEVVRHC,CASSLEPPRGRGTGELFF,0.43146563,0
HMTEVVRHC,CASKKSDPRQCEKLFF,0.15255857,0
HMTEVVRHC,CASSQRKGESYEQYF,0.23310924,0
HMTEVVRHC,CASSFFGAGGDYGYTF,0.4123894,0
TLNAWVKVV,CASSGTSGLNPLQFF,0.4890218,0
TLNAWVKVV,CASSQGAGEALSYTF,0.42295897,0
TLNAWVKVV,CASRFLGTFYGYTF,0.44105932,0
TLNAWVKVV,CATSGYSDTQYF,0.367407,0
FYGKTILWF,CATKATANTEAFF,0.22379513,0
FYGKTILWF,CASSRLGSKFNQPQHF,0.40403688,0
FYGKTILWF,CASTPKGRNTDTQYF,0.13130565,0
FYGKTILWF,CASSFQTGKYGNTIYF,0.24281648,0
GQFLTPNSH,CASSQGDRRTEKLFF,0.58905953,0
GQFLTPNSH,CASSPGGLRGASYEQYF,0.29256684,0
GQFLTPNSH,CASSQGYLGGGTRETQYF,0.26127148,0
GQFLTPNSH,CASSPRTGFTDTQYF,0.58364695,0
RKTVRARSRTPSCRSRSHTPSRRRR,CASSRTTGNYEQYF,0.46169966,0
RKTVRARSRTPSCRSRSHTPSRRRR,CASRDRDRGDIQYF,0.4923917,0
RKTVRARSRTPSCRSRSHTPSRRRR,CASSQERLGTGELFF,0.4545324,0
RKTVRARSRTPSCRSRSHTPSRRRR,CASSQDVGQGDLNTEAFF,0.824687,0
ESEERPPTPY,CSAREHGRGTEAFF,0.04941178,0
ESEERPPTPY,CASKLDAGGTEAFF,0.2255387,0
ESEERPPTPY,CASRRDGGVGTQYF,0.2228129,0
ESEERPPTPY,CATSRADISEAFF,0.378451,0
CCIEVINNT,CASNPAVMSYEQYF,0.63884217,0
CCIEVINNT,CASSQPGLAGEGDTQYF,0.50210077,0
CCIEVINNT,CASSSNEEYNEQFF,0.8513515,0
CCIEVINNT,CSARDSLLTQPQHF,0.24639794,0
AMAGSLVFL,CASTIAGTSAYEQYF,0.5411036,0
AMAGSLVFL,CASSLGPQREGLRDTQYF,0.22596899,0
AMAGSLVFL,CSARDRGQSGEKLFF,0.16100655,0
FIDCYLLAI,CASGLVLGIRGNNEQFF,0.27642164,0
FIDCYLLAI,CASSYSRRGGSSYNSPLHF,0.10097753,0
FIDCYLLAI,CASSPGTLKDTNTEAFF,0.44561905,0
ILIVMVPFL,CASSSVAGTGSYEQYF,0.79564434,0
ILIVMVPFL,CASRSIRGGRQETQYF,0.3836643,0
ILIVMVPFL,CASSRNRHRDIQETQYF,0.39508805,0
LAMPFATPM,CASSALDSFYGYTF,0.7091361,0
LAMPFATPM,CASSGRALSSRNTIYF,0.38165838,0
LAMPFATPM,CASSQASVDFRNIQYF,0.38510478,0
LMVLHSPSL,CAISEGQGGGGGYTF,0.15891029,0
LMVLHSPSL,CASSLAGTGRKGGYTF,0.30455798,0
LMVLHSPSL,CASRPGGTAGEAFF,0.44131356,0
LLAMKVPNV,CASSFGLLGSPLHF,0.4640101,0
LLAMKVPNV,CASSLDSGTWANYGYTF,0.43216586,0
LLAMKVPNV,CASSPWAAGLIGGYTF,0.2252913,0
FIFSYVVAV,CASSLESGNQAFF,0.731627,0
FIFSYVVAV,CASSFSTGTGSTGELFF,0.62784547,0
FIFSYVVAV,CASSPRGSHAYEQYF,0.69824225,0
ILLDWAANV,CASSQAFRGQGDGYTF,0.3912671,0
ILLDWAANV,CSARDLSLAGPYEQYF,0.6269,0
ILLDWAANV,CASSARIGHLNTEAFF,0.23881517,0
QLLVSLWGL,CASSVQRGLGNTIYF,0.20059933,0
QLLVSLWGL,CASSLLRQATNTEAFF,0.60119694,0
QLLVSLWGL,CASSLGWTGGDGNTIYF,0.33793476,0
KLPLDINPV,CSASKTPNTEAFF,0.38583645,0
KLPLDINPV,CSARGGREGRKETQYF,0.16794485,0
KLPLDINPV,CASSGVCEAFF,0.49791333,0
LLFGFPVYV,CASSLKDVLVTSTDTQYF,0.50144863,0
LLFGFPVYV,CASSRRPPGQGEVGEQYF,0.079072714,0
LLFGFPVYV,CASRGPLSEGYTF,0.46877167,0
VLMGGVPGVE,CASSWTGSRRNIQYF,0.3302173,0
VLMGGVPGVE,CSADPGRELGTEAFF,0.38511756,0
VLMGGVPGVE,CASSYTPLQGLGEETQYF,0.5074781,0
LVMPFSIVYI,CASSSTILAGQETQYF,0.4614381,0
LVMPFSIVYI,CASSGGQVEGAAEAFF,0.39649767,0
LVMPFSIVYI,CASSVRNGVETQYF,0.20707224,0
FIDQYYSSI,CAISDSISGNTIYF,0.43972746,0
FIDQYYSSI,CASSQDFGGESTDTQYF,0.47337508,0
FIDQYYSSI,CSARVGGGYQPQHF,0.4853101,0
MLSILALVRV,CASSQLAGGMWEQYF,0.43525916,0
MLSILALVRV,CASSDGYSTYEQYF,0.47749662,0
MLSILALVRV,CRGYAGAQETQYF,0.14328697,0
YMFLASPSV,CASSPRQRVAEKLFF,0.25428262,0
YMFLASPSV,CASSPTRRGGWTGELFF,0.2477882,0
YMFLASPSV,CASSFPEYTGANVLTF,0.40878844,0
YLQDSMATT,CASSKGRQPTNEKLFF,0.17073968,0
YLQDSMATT,CSARDLKDRGRPEAFF,0.1613578,0
YLQDSMATT,CAWISPQQGPNYGYTF,0.25377804,0
AVYDGREHTV,CASSLFFREEAKNIQYF,0.4108248,0
AVYDGREHTV,CASGGAELGDSPLHF,0.5500341,0
AVYDGREHTV,CSARGSWTGGLSGANVLTF,0.28301653,0
FLDEFMEAV,CSASEHSYNEQFF,0.26283497,0
FLDEFMEAV,CASSPEGQGNGDTQYF,0.39593345,0
FLDEFMEAV,CASSLWTRSEQYF,0.48142672,0
FLNDLLSVL,CASTPLGREVTGETQYF,0.18450591,0
FLNDLLSVL,CASSRWDSDRRNQPQHF,0.13038035,0
FLNDLLSVL,CASSQVGARVTGELFF,0.24408393,0
AVGSHVYSV,CASSPWTQLTGELFF,0.4965768,0
AVGSHVYSV,CSARTGGSAGELFF,0.6445585,0
AVGSHVYSV,CAGAGRYNEQFF,0.6333977,0
WLSLLVPFV,CASNHRTVLGELFF,0.26358593,0
WLSLLVPFV,CASEPRRTSGKLQETQYF,0.16213396,0
WLSLLVPFV,CASSLEGGNVGELFF,0.6275332,0
FLFTFFASI,CASSTTAGTGDTQYF,0.4715798,0
FLFTFFASI,CASSPDMDGGQYF,0.5404212,0
FLFTFFASI,CSARPQGRTGVGYNEQFF,0.15691811,0
YLLAIFSGL,CASSKGRVSTSGGPSNQPQHF,0.030506875,0
YLLAIFSGL,CASTGIWQPQHF,0.5071468,0
YLLAIFSGL,CASSRTGVGQNQPQHF,0.18991846,0
GILEFVFTL,CASSQPGQGSATNEKLFF,0.24878846,0
GILEFVFTL,CAISEYRGVTNQPQHF,0.31614164,0
GILEFVFTL,CASGRGELGEETQYF,0.2013167,0
TMSFSHLFYL,CASSLELGAISGNTIYF,0.3562813,0
TMSFSHLFYL,CASSLGDEWTSDTQYF,0.62149894,0
TMSFSHLFYL,CASSFVGMQFF,0.4335611,0
IPLTEEAEL,CSALTGDRSYNEQFF,0.30479133,0
IPLTEEAEL,CAWIRQGGNTIYF,0.37186566,0
IPLTEEAEL,CASNNPTGRYEQYF,0.13770777,0
LIFNMLYWI,CASSQGNLGGGAETQYF,0.4422252,0
LIFNMLYWI,CASSEAGLAGGVNNEQFF,0.44772995,0
LIFNMLYWI,CASTGAAKAGELFF,0.2979396,0
FMIGYASAL,CASSQGGEGFQETQYF,0.40177172,0
FMIGYASAL,CAINRDSQTYGYTF,0.36375436,0
FMIGYASAL,CASSETPTRVYGYTF,0.22546276,0
ILLDWAANI,CASSFGSLSETQYF,0.5323476,0
ILLDWAANI,CATLAPDTQYF,0.48828217,0
ILLDWAANI,CATSRVPPRREVSYNEQFF,0.2552773,0
TMAAISNTV,CASSRGAGVYDTEAFF,0.3987808,0
TMAAISNTV,CASSQFPGTGYEQYF,0.66958874,0
TMAAISNTV,CSARGSGGKANYGYTF,0.24500188,0
GLMAIAWFI,CASSQAGGHYTQYF,0.63051504,0
GLMAIAWFI,CASGLAGGPVEQFF,0.26081273,0
GLMAIAWFI,CARGQVGIGALHF,0.46455774,0
FILDAVQRV,CASSTERGGSSYEQYF,0.53788114,0
FILDAVQRV,CASSFSVGADPNSPLHF,0.38287908,0
FILDAVQRV,CASSSPRDSPQETQYF,0.5988528,0
KLYGLDWAEL,CATRGDPRGPYEQYF,0.1789383,0
KLYGLDWAEL,CASSLQGDLEQYF,0.37484553,0
KLYGLDWAEL,CSASRGVGGDQPQHF,0.62479323,0
YILEETSVM,CASRPGREHYGYTF,0.3906273,0
YILEETSVM,CASSDGRDLNSNQPQHF,0.32250738,0
YILEETSVM,CASSVSTPTAFGTLYNEQFF,0.27876788,0
SSCMGGMNWR,CASSPDRVGSQGYTF,0.23665434,0
SSCMGGMNWR,CASSHIIKDGNYGYTF,0.16154474,0
SSCMGGMNWR,CASSRRQGGDHNEQFF,0.3414304,0
KINAWIKVV,CASSAGTGGGYYEQYF,0.70550543,0
KINAWIKVV,CASSPGGNSRRAYEQYF,0.09941812,0
KINAWIKVV,CASSGSTYRGTNEKLFF,0.38039196,0
ARNLVPMVATVQGQN,CASSLGGGEVNTQYF,0.91263336,0
ARNLVPMVATVQGQN,CATSYGGQGQETQYF,0.29575947,0
ARNLVPMVATVQGQN,CASKGDRQSDIYF,0.17329594,0
YMDGTMSQV,CASTLGEWDYGYTF,0.37444305,0
YMDGTMSQV,CASSPGRRLQQPRETTNEKLFF,0.2746329,0
YMDGTMSQV,CSARDPYGSVTYNEQFF,0.6147002,0
LIFNMFYWI,CASSIVGGLGNTIYF,0.5555245,0
LIFNMFYWI,CASSRGASGYEKLFF,0.636545,0
LIFNMFYWI,CASSPDLGPLYRRHF,0.31017914,0
NNILIATCV,CASSSTGGMNTQYF,0.63324106,0
NNILIATCV,CASSVGPTSVSYEQYF,0.2835524,0
NNILIATCV,CASSIERTGGSQPQHF,0.12541483,0
YVVTWIVGA,CASSYGQVKGYTF,0.1998284,0
YVVTWIVGA,CASSEFSPPYEQYF,0.5472591,0
YVVTWIVGA,CASSETGWWQPQHF,0.19579862,0
LHMEFCSCC,CARRGGGRFYEQYF,0.09909032,0
LHMEFCSCC,CASRTDRADNEQFF,0.54659456,0
LHMEFCSCC,CAWSSPRVGITDTQYF,0.3893643,0
CHIPVEPNT,CASSPLRGVSAYGYTF,0.45397612,0
CHIPVEPNT,CASSHYGGGNTDTQYF,0.39397022,0
CHIPVEPNT,CASSPNTRGYYGYTF,0.46129522,0
YLEAGPVTA,CASSQDRTGDVSNQPQHF,0.2501347,0
YLEAGPVTA,CATALPNYGYTF,0.51439023,0
YLEAGPVTA,CASSHAHTKETQYF,0.023072384,0
YLEPGAVTA,CASSESIRGNSPLHF,0.3900705,0
YLEPGAVTA,CASSPINHGDNEQFF,0.23054634,0
YLEPGAVTA,CATSDPGLAGKYEQFF,0.3116814,0
CLLGTYTQDV,CASSLAVGAGHLNNEKLFF,0.3349323,0
CLLGTYTQDV,CASSLWREVQSTGELFF,0.48387036,0
CLLGTYTQDV,CAARPWTGDQETQYF,0.4277459,0
SILDAVQRV,CRTLGVYGYTF,0.46972543,0
SILDAVQRV,CASSPQPGPGANGLTF,0.19428104,0
SILDAVQRV,CASSRHSNTGELFF,0.6261113,0
IMIEFCPGG,CAWSNDDRGSGNTIYF,0.50077885,0
IMIEFCPGG,CSARDVHSNQPQHF,0.18409461,0
IMIEFCPGG,CSAREQQGRSGYTF,0.36253193,0
RCMLQCPSV,CATSRVAQGRGEQYF,0.21256973,0
RCMLQCPSV,CASSQESRPGIYEQYF,0.57235575,0
RCMLQCPSV,CASYDGGGYGYTF,0.44314715,0
GTSGSPIVAR,CASSLVQLSRSYNEQFF,0.34350467,0
GTSGSPIVAR,CASSQDRYPQGPTDTQYF,0.31392777,0
GTSGSPIVAR,CASDRDRASTPSYEQYF,0.29609135,0
KTVGIYPNA,CASSLKTMGLYEQYF,0.3548115,0
KTVGIYPNA,CASSLVSAHPGNGYTF,0.38170713,0
KTVGIYPNA,CASSYHKKEKLFF,0.071584344,0
CLLWSFQTSA,CASSVDRLADTQYF,0.6182686,0
CLLWSFQTSA,CASSKEDFSYNEQFF,0.5253312,0
CLLWSFQTSA,CASSEAGIGELFF,0.85493654,0
GTSGSPIVDR,CASSDTSGPDEQFF,0.61586684,0
GTSGSPIVDR,CATSELVFSKSGNTIYF,0.22639224,0
GTSGSPIVDR,CASSLRSRVDLGNTIYF,0.24322906,0
YHSIEWAI,CSARLWDGQLDNSPLHF,0.28898224,0
YHSIEWAI,CASRAPEMNTEAFF,0.3206751,0
YHSIEWAI,CAWGLVPGELFF,0.24149868,0
FLNDLLSVM,CASSQIHENTGELFF,0.65275854,0
FLNDLLSVM,CASSASEPPYEQYF,0.42162496,0
FLNDLLSVM,CASFMGNEQFF,0.9219305,0
ALEPGPVTA,CAISPQGGGYTF,0.32046756,0
ALEPGPVTA,CAINKGAGTEAFF,0.113114476,0
ALEPGPVTA,CASRGGSPRTDTQYF,0.40332192,0
GTSGAPIVNR,CASSSMRGVNSNQPQHF,0.2046076,0
GTSGAPIVNR,CAWRGDRGRSTDTQYF,0.23903474,0
GTSGAPIVNR,CATSAAGGFSEQYF,0.3386556,0
FDVMVMPNL,CASSGWGADETQYF,0.46011764,0
FDVMVMPNL,CASRGNRDRTYEQYF,0.357322,0
FDVMVMPNL,CATSDRRAPGEAFF,0.33195978,0
YLEPGPATA,CATSPSPQVSYEQYF,0.34741303,0
YLEPGPATA,CSARSADRDGYTF,0.2952872,0
YLEPGPATA,CASSSRGTETNEQFF,0.31689316,0
GAVECCPNC,CASSPRTPGSSYEQYF,0.36031795,0
GAVECCPNC,CASSLPGQRVETQYF,0.44011503,0
GAVECCPNC,CSAGGGASYGYTF,0.57489777,0
YLEPGPVAA,CASSPATSRNTIYF,0.30754077,0
YLEPGPVAA,CASSWGMTSGEQFF,0.34326214,0
YLEPGPVAA,CASSSAQGGGTDTQYF,0.710832,0
RYPLTLGWCF,CARRNWDRVSPSSYEQYF,0.4048755,0
RYPLTLGWCF,CASSEVGGLASYNEQFF,0.5910024,0
MLLKHDVSL,CSARRTGTGNGQPQHF,0.4258829,0
MLLKHDVSL,CASSLRDSPQSTQYF,0.5201281,0
RHDLPPYRVYL,CASSPQGLGGFNTEAFF,0.42999282,0
RHDLPPYRVYL,CARSLLDNQHQHF,0.120732866,0
FLGIYTVTV,CASRSGSTKVSEAFF,0.09538003,0
FLGIYTVTV,CASSPDRSWGPQHF,0.16033858,0
SVLENFTIFL,CASGKASSGSDTQYF,0.37914476,0
SVLENFTIFL,CASTVLPQSREQYF,0.38393238,0
GILGLVFTL,CASSLFSSPGHYEQYF,0.5270868,0
GILGLVFTL,CASSDPRTPQDHQETQYF,0.20508349,0
SLYNTIATL,CASRSGVHYYGYTF,0.4096968,0
SLYNTIATL,CASRKPGRVAGPYEQYV,0.015976438,0
TLSKPSPMPV,CASSPKPTGLPRAYEQYF,0.17862956,0
TLSKPSPMPV,CASSAGLAGGFGGELFF,0.45443425,0
EEYLKAWTF,CASSFTREKGDTQYF,0.377101,0
EEYLKAWTF,CASSISRRTAQPQHF,0.4854239,0
VMAPRTLVL,CAWTAFGRGPYGYTF,0.14226584,0
VMAPRTLVL,CASSPLEGANYGYTF,0.5108069,0
FMLLTQARI,CASSSGREEHNEQFF,0.58623695,0
FMLLTQARI,CASSTRLLLGTNTNYGYTF,0.22718383,0
MLWGYLQYV,CSARDWWVKGQGGGMPQHF,0.13502514,0
MLWGYLQYV,CAWSVPGGWGDTQYF,0.16030551,0
YQFGPDFPIA,CASSYSAWGGYEQYF,0.5352378,0
YQFGPDFPIA,CASSAGHALEQYF,0.393094,0
YLLFMIGYA,CASSPGGEKLLF,0.9850819,0
YLLFMIGYA,CASTMGAPENEQFF,0.31772965,0
FLASPSVPL,CASSRRQYYYGYTF,0.37547916,0
FLASPSVPL,CASSSPGLAVLGEQFF,0.6823064,0
LMLWASSSI,CASSLERNGRIEDTQYF,0.050721455,0
LMLWASSSI,CASSQEIALGTEAFF,0.32903957,0
HPVGQADYFEY,CASTTPGTGVHEQYF,0.26106092,0
HPVGQADYFEY,CAISTGVETEAFF,0.4530362,0
ILGGQVVHTV,CASSEALWDGSYEQYF,0.44908112,0
ILGGQVVHTV,CASSWDMDQPQHF,0.56988394,0
RQFGPDFPTI,CAISNQAGRYEQYF,0.39315203,0
RQFGPDFPTI,CASVEGVQYF,0.20316693,0
AQWGPDPAAA,CASSSLPRDKSNQPQHF,0.27806535,0
AQWGPDPAAA,CAWSGGGNLYGYTF,0.14012991,0
GEEDGAGGHSL,CATRAGTSDEQFF,0.54291785,0
GEEDGAGGHSL,CASSAGLSGGAHTQYF,0.45632717,0
SVLENFTILL,CSAFRDTYEQYF,0.518365,0
SVLENFTILL,CASIRTGKGFMNTEAFF,0.26460445,0
ESDPIVAQY,CAISERANRDSNSNQPQHF,0.23010047,0
ESDPIVAQY,CASRGRATTDTQYF,0.44272637,0
VLLGVKLFGV,CASSPSVGQGNYEQYF,0.580215,0
VLLGVKLFGV,CASSDHLAGGGYNEQFF,0.57057196,0
SLDLTTSPV,CASRPVGNRASGEQYF,0.22902544,0
SLDLTTSPV,CASSQDYPTTGDHGYTF,0.25609705,0
VLLGVKLSGV,CASSQGVGQGGEAFF,0.53314054,0
VLLGVKLSGV,CASSIDRRGSRTDTQYF,0.45700723,0
ALWGPDPAAA,CSARNSGRVPGELFF,0.032991588,0
ALWGPDPAAA,CASSLAPLRWNEKLFF,0.061239198,0
FLMASISSS,CASNPRTGASTDTQYF,0.24281965,0
FLMASISSS,CASSLWTGRTSNQPQHF,0.14146699,0
FLDEFMEGV,CAGEVLEKGLNYEQYF,0.40008196,0
FLDEFMEGV,CASSPRGFDRGYGYTF,0.24846964,0
RLIKHYPGI,CASSFSVGMTTEAFF,0.4313171,0
RLIKHYPGI,CASSKPGQVLEETQYF,0.51008815,0
TAMDLFVTV,CASSGVQGGAYEQYF,0.509543,0
TAMDLFVTV,CASSLDLGPTTF,0.4424589,0
ILAKFLHWL,CASSGGVLSVGYTF,0.45189306,0
ILAKFLHWL,CASSQSPTRGDYQETQYF,0.35503796,0
RLLPLLALL,CASSQVVVGDSRYQETQYF,0.17265038,0
RLLPLLALL,CASSISEGAISPLHF,0.33280647,0
CPSQEPMSIYVY,CASSLNQQVNTEAFF,0.49068502,0
CPSQEPMSIYVY,CASSPGTVPSEQFF,0.57611346,0
RQFGPDWIVA,CASSRRQLKSRGTGYTF,0.09664298,0
RQFGPDWIVA,CASSQGSFSPLHF,0.5596872,0
YLWPPVQLA,CASSFQGEYNSPLHF,0.48160252,0
YLWPPVQLA,CAGFVAGGPKRQETQYF,0.2824165,0
ILDQVPFSV,CAWSSLQGGGNIQYF,0.39991483,0
ILDQVPFSV,CAWSVLFSGNTIYF,0.39457798,0
GVYDGREHTV,CASSQTPGMYTEAFF,0.45497453,0
GVYDGREHTV,CASSTTRDRVPEAFF,0.33558333,0
YLGGPDFPTI,CSARGQGADSKNQPQHF,0.1956869,0
YLGGPDFPTI,CASTPTSGGPLDYEQYF,0.25012964,0
RQWGPDPAAV,CASSISGSISGELFF,0.37176386,0
RQWGPDPAAV,CASSLSFVRVHEQYF,0.17272955,0
FLTVFSPFM,CASGRRPGELFF,0.55567557,0
FLTVFSPFM,CASRNRGGGGEQYF,0.16032636,0
HPVGDADYFEY,CAWSWGYLGNEKLFF,0.16898914,0
HPVGDADYFEY,CASSLSLAGPQIHNEQFF,0.5057126,0
KLSELHTYI,CASSIRAGTGRFGAAEQYF,0.21349302,0
KLSELHTYI,CASSSPQGRPSDTDTQYF,0.43028426,0
MLGEQLFPL,CASSKAKGADTQYF,0.4259408,0
MLGEQLFPL,CASSPTTVRNEQFF,0.32793227,0
FLSDHLYLV,CASSTTLAGGPGELFF,0.5408748,0
FLSDHLYLV,CATSRPQTGELFF,0.4364563,0
FIMGISILL,CASSLSPQGSGGAYEQYF,0.32788736,0
FIMGISILL,CASSLATGESSYNEQFF,0.36589226,0
KLPLDIDPV,CSARVSQGMNTEAFF,0.32797346,0
KLPLDIDPV,CASSWDESPYEQYF,0.55298585,0
SLFNTIAVL,CSARPSRRGAYEEQFF,0.5209133,0
SLFNTIAVL,CASSLRFRGLMQYF,0.32662386,0
LLFGYPVAV,CASSLGTLDEAFF,0.7910374,0
LLFGYPVAV,CASSQEGGGGPRTDTQYF,0.46067658,0
LLFGYAVYV,CAWSLEAAAANYGYTF,0.15252113,0
LLFGYAVYV,CASGLGIRTEAFF,0.48391,0
KLANPLPYT,CASSVATEDNSYEQYF,0.3851875,0
KLANPLPYT,CASSLYSGTGTTEAFF,0.38254854,0
EEYLQAFTY,CASRPEPSGGAGTQYF,0.28638384,0
EEYLQAFTY,CASSFAPGGLETQYF,0.42087114,0
EVDPIGHLY,CASTLDRARQPQHF,0.35216567,0
EVDPIGHLY,CASSPTRGQGDRDGYTF,0.33426914,0
LMVPHSPSL,CASMGQGTTKTAYEQYF,0.12249534,0
LMVPHSPSL,CASREWGDRGYTF,0.49271157,0
LGYGFVNYI,CASTYMDSGSSPLHF,0.49796662,0
LGYGFVNYI,CAWRVMGSGELFF,0.3202175,0
MVWGPDPLYV,CASTKTGGYSNQPQHF,0.19313034,0
MVWGPDPLYV,CASSPVDRVSGELFF,0.52593505,0
GLYDGMEHL,CASSDFGQVAFF,0.6324955,0
GLYDGMEHL,CASIGQGKIYGYTF,0.48621893,0
ILIVMFPFL,CASSHSFSTGLNTGELFF,0.34952936,0
ILIVMFPFL,CASSQDGGVRDNEQFF,0.46432567,0
LLFGYPRYV,CASSPPAGLGDEQYF,0.59910524,0
LLFGYPRYV,CATRDRGGPKNIQYF,0.21365784,0
LIIPCIHLI,CASSLRDTNTQYF,0.64421487,0
LIIPCIHLI,CSAIFEGSGNTIYF,0.6667969,0
TEDEHFEFY,CASSEGPGTGSEQYF,0.40694872,0
TEDEHFEFY,CASRADSGGYGYTF,0.42105997,0
SAYGEPRKL,CAWSANSGRAHNEQFF,0.15288058,0
SAYGEPRKL,CASSFRDHGVAEAFF,0.36013034,0
KMDYFSGQL,CASSVLEESPLHF,0.24335673,0
KMDYFSGQL,CASSRDINNEQYF,0.55606407,0
SMDWFQGQM,CASRRPRQGDYEQYF,0.3818772,0
SMDWFQGQM,CSARDLTGEEAFF,0.32653096,0
GEIYKRWII,CASSTPGAGGILEAFF,0.5161729,0
GEIYKRWII,CATSVTGIRDTQYF,0.3821738,0
MMDFFNAQM,CASSQDVGLKEETQYF,0.21502322,0
MMDFFNAQM,CASSYLGWKTQYF,0.22367176,0
LMDYWQGQL,CASSLGDWTDYGYTF,0.49558115,0
LMDYWQGQL,CASSVLRDDVRQPQHF,0.220295,0
FPQGEAREL,CAIRMQGGEEAFF,0.3297867,0
FPQGEAREL,CASAPLAGGDAGELFF,0.36841264,0
FQAQHIAMA,CASSFTGSYGYPF,0.45113188,0
FQAQHIAMA,CASSQGTGDQGEAFF,0.51247114,0
NLQREEYTV,CASSFVSRNTDTQYF,0.6453325,0
NLQREEYTV,CAWARDLNEKLFF,0.44066098,0
LSEFCRVLCCYVLEE,CASSPWMSHEQFF,0.1916514,0
LSEFCRVLCCYVLEE,CASSPTGTGVRETQYF,0.27111617,0
YHSIEWA,CASSYSSIEPDGSTGELFF,0.32374442,0
YHSIEWA,CASSGGTLAYGETQYF,0.35360298,0
AARAVFLAL,CASSFTRADDEQYF,0.39894852,0
AARAVFLAL,CSARDPRQNTDTQYF,0.4269261,0
WLIRETQPITK,CASSLASTSGIDEQFF,0.63775116,0
WLIRETQPITK,CAWSSTAAIQGIHF,0.15893465,0
FMPDFDLHL,CAWSVLSAYQETQYF,0.20968236,0
FMPDFDLHL,CASSQVPRDSSYEQYF,0.37424296,0
KVDPIGHVY,CASSPQNSVHYEQYF,0.4177314,0
KVDPIGHVY,CASSPPDAAVSDTQYF,0.3677995,0
NMMWFQGQL,CASSDPATLANYEQYF,0.35157967,0
NMMWFQGQL,CASNDGQGPNYGYTF,0.52350056,0
YFFWGLWAL,CASSLIIGEQYF,0.6007546,0
YFFWGLWAL,CASSQRDSSSSGYTF,0.16793476,0
GLLDEDFYA,CASTPLRHSGTGELFF,0.17042583,0
GLLDEDFYA,CASSLTQKDIQYF,0.76080054,0
IMLEALERV,CAWSRLSGPQVGYGYTF,0.21739925,0
IMLEALERV,CASSYTGGGLGEAFF,0.5608179,0
VQIISCQY,CASSQTGAGSSQHF,0.22788788,0
VQIISCQY,CAITSSIQGVSEQFF,0.3324012,0
CVETMCNEY,CASSVGLGRDSRYNEQFF,0.31248736,0
CVETMCNEY,CASSFTQLAGSPDTQYF,0.34951726,0
KTFPPTEPK,CASGPGGAGKLFF,0.14887065,0
KTFPPTEPK,CASSFIPDRRSYEQYF,0.3065468,0
APRGPHGGAASAL,CASSLNLGSFGAFF,0.35434267,0
APRGPHGGAASAL,CASSRFGRTDTEAFF,0.3975642,0
YLRGRAYGL,CASSTGGKHYGYTF,0.29478166,0
YLRGRAYGL,CASSQLSRTGELFF,0.70807725,0
TLRGRAYGL,CASRPRSGTAIYGYTF,0.27631307,0
TLRGRAYGL,CASKRFGHESYEQYF,0.42338255,0
KLSGLGINAV,CASSLGGGGLIDTGELFF,0.35496604,0
KLSGLGINAV,CASSSPPWRGRGTDTQYF,0.26178575,0
ELAGIGILAV,CAWCRGQNNEQFF,0.04560354,0
ELAGIGILAV,CASSLVTSTYSGANVLTF,0.47345254,0
VQYLGMLPV,CASSLGAAQGPYEQYF,0.7261702,0
VQYLGMLPV,CASIPKGVKNTIYF,0.20256001,0
ELAGIAILTV,CASSSAGVRRDEQYF,0.1900051,0
ELAGIAILTV,CASSGQGAGINQPQHF,0.43673545,0
RVIGMPPPV,CASSFWATSGGNEQFF,0.56493866,0
RVIGMPPPV,CAWSRRQGAKGTEAFF,0.058753043,0
KIILFLPCI,CASSPYTGVRGYTF,0.45263457,0
KIILFLPCI,CASSLEGQTKKTQYF,0.29140818,0
ALRGMGVNAV,CASSEDPRTGGELFF,0.36639345,0
ALRGMGVNAV,CAWSRGRGRSDEQFF,0.15323658,0
ELAGIGIATV,CASSGPGLKAEAFF,0.09024255,0
ELAGIGIATV,CASSLGPTYNYGYTF,0.2108738,0
QLTSLGLNAV,CASSPRSSGGVRTQYF,0.43695033,0
QLTSLGLNAV,CASSYSNLGQPQHF,0.67850006,0
FLRGRAYVL,CASIEGLTEAFF,0.5922874,0
FLRGRAYVL,CASKEQGITGELFF,0.41374496,0
MIISHLSLI,CASSEPGETVYSGNTIYF,0.10359248,0
MIISHLSLI,CASSPQQIRTSFNEQFF,0.2538459,0
KLKSLGLNAV,CSAREPGQGRREKLFF,0.21401665,0
KLKSLGLNAV,CASQGEPFLKAFF,0.3550898,0
ELAAIGILTV,CSARDHLSRGGINEQFF,0.34612924,0
ELAAIGILTV,CASTHLGESTDTQYF,0.3208374,0
APRGPHGGAASGA,CASSQESPLVSQPQHF,0.24264763,0
APRGPHGGAASGA,CASRTRDTRELEKTQYF,0.040453356,0
FMLLTQARL,CASSPTKPYYEQYF,0.28116557,0
FMLLTQARL,CASSRPGGVTGELFF,0.6338178,0
ALAGIGILTV,CASSLAGAGNNGGELFF,0.4635557,0
ALAGIGILTV,CSARDWELRSRGDEQFF,0.21202666,0
APRGPHAGAASGL,CASSLLKQGYFYEQYF,0.5958855,0
APRGPHAGAASGL,CSANVQETQYF,0.35063782,0
QLRTLGLNAV,CASSPLGTGGNEKLFF,0.7523132,0
QLRTLGLNAV,CSASSAGDLYEQYF,0.5368959,0
AARGPHGGAASGL,CSARGLRGVQQYF,0.066938646,0
AARGPHGGAASGL,CAWSRGQGWTDTQYF,0.30827314,0
NLVAMVATV,CAWRHAQNLRGYTF,0.27466705,0
NLVAMVATV,CASSPQRGQGFYNEQFF,0.37061346,0
LLFNILGGWV,CASSPLRGRVYEQYF,0.27418253,0
LLFNILGGWV,CASSLSGTSGGAAETQYF,0.43893558,0
TSTLQEQIGW,CASSTGTAPEPQHF,0.46258548,0
TSTLQEQIGW,CASADVVAPGELFF,0.3944968,0
QDVEIPPNI,CSAINVGTAEQYF,0.29712716,0
QDVEIPPNI,CASFEQNYGYTF,0.6169147,0
SYMIMEIEL,CATMGQALMNTEAFF,0.4029728,0
SYMIMEIEL,CSANPGGRAKNIQYF,0.27366892,0
FLRGRAFGL,CASSAGEGRSYEQYF,0.7452266,0
FLRGRAFGL,CASSKSRTTEAFF,0.3484122,0
KLVVLGINAV,CASSFGYGRTGSLGAFF,0.20056093,0
KLVVLGINAV,CATEAGTASSYEQYF,0.52562255,0
QLRSLGLNAV,CASSWGGRGTYNEQFF,0.4069252,0
QLRSLGLNAV,CASSIPGTHLEQYF,0.38171455,0
RLMKHYPGI,CASFTPGLATDTQYF,0.5452383,0
RLMKHYPGI,CASNPSGGDQETQYF,0.5214116,0
QLSSLGLNAV,CASSAPGVATEAFF,0.66148704,0
QLSSLGLNAV,CASSRESGGAFF,0.8416291,0
APRGPHGGAAAGL,CASSMRNGQAYF,0.041640617,0
APRGPHGGAAAGL,CAISDQGVNEKLFF,0.12089691,0
KLSELHAYI,CASRETQGPGAFF,0.6429246,0
RLWEPLRVV,CASSGLARGAMETQYF,0.5511363,0
YMLTLHTKL,CASSILWTEGNQPQHF,0.5591001,0
HIAKSPFEV,CASKQGWRSATEAFF,0.36642638,0
RVRFFFPSL,CSACLTGGCYEQYF,0.122673415,0
NLFNRYLAL,CASSRTANRQANEKLFF,0.11161232,0
TLFTMVGTV,CASTGGGRAGSDTQYF,0.35317466,0
FVYVFTTHL,CATAQQGSPLHF,0.32889867,0
YLVALGINAV,CASSLSEGGPETQYF,0.7914649,0
KLSHQPVLL,CSARDFDRAIYGYTF,0.53799474,0
NLAQTDLATV,CASSRTPTGSPLHF,0.31870314,0
VYFFLPDHL,CSARDWASGGRDTGELFF,0.4650071,0
KIFGSLAFL,CASSTHLGAGNQPQHF,0.4228827,0
FQDYIKSYL,CSARKDALYEQYF,0.4910004,0
EFTVSGNIL,CASTVSGGADYEQYF,0.5061623,0
YTSEILSPI,CASSSKLSDSGANVLTF,0.274357,0
ALLQVTLLL,CASSDDWGRETQYF,0.4693513,0
FLGIYTVTVV,CSARDVRTGRLALSEQYF,0.34750015,0
LLFGLALIEV,CASKPGPSSWNEQFF,0.4164202,0
QLCDVMFYL,CASSWGSPMNTEAFF,0.59587693,0
EEAAGIGIL,CASSDLFRQFDYGYTF,0.2606397,0
YLYDRLLRV,CASSQDPLGQGWDNEQFF,0.36493453,0
HQLGGVVEV,CASGPTGTGRGYTF,0.26143208,0
LLFAAFSSA,CASSEGRNALGYTF,0.44232926,0
QLIPCMDVV,CASSLLTRVANIQYF,0.36733356,0
VLFAAFSSA,CASSRKPTGNYGYTF,0.17364667,0
RVSTLRVSL,CASSDRDSGASNYGYTF,0.34869665,0
KLAKPLPYT,CASSSAGTKRGDTQYF,0.36584845,0
RYGSFSVTL,CASRSRVHYEQYF,0.48513398,0
MEVDPIGHLY,CASSYNDLAKDTQYF,0.38760045,0
HQNPVTGLLL,CASEGGGYNSPLHF,0.54642296,0
SLLQGSPHV,CASSIRQGGQPQHF,0.5501812,0
FLWSVFMLI,CASSIAPLNEQYF,0.6301903,0
GLSPNLNRFL,CASSLVEIGDTQYF,0.40299413,0
HIVEISTPV,CSASAGGPNEQYF,0.7882552,0
HRRGSRSYV,CAIPLLAGGLYF,0.09477835,0
YLSNIIPAL,CASSVLNRDTEAFF,0.2527719,0
VMIIVSSLAV,CASSPLDVSPYGYTF,0.37762082,0
FQLNQSFEI,CASSVDGTEGWELFF,0.38481838,0
VLASPSVPL,CASTRDREPQKYGYTF,0.14544332,0
ESITGSLGPLL,CATSLTGYQPQHF,0.6436824,0
FSFPLDFLV,CASSFDGGRISGANVLTF,0.37878007,0
LYPEFIASI,CSATSPGGGRYYEQYF,0.3934306,0
KLLAGDEIV,CASSFIGRVFAYEQYF,0.40604913,0
GLLHHAPSL,CSARQLTSGGPTGTQETQYF,0.2789262,0
LVIGMPPPV,CASSYRDNRRSDTQYF,0.050686475,0
LLIDLTSFLL,CSARGLRRGVNTEAFF,0.35545245,0
ALLETLSLLL,CASSIASGGSTDTQYF,0.6268286,0
MLIGIPVYV,CSANRDRSEAFF,0.4370106,0
LLWNTVWNM,CASSLKGTATASNEKLFF,0.15155211,0
RLHDLVFPL,CASSEQKSYTEAFF,0.7185576,0
RLHDLVLPL,CASSIGLLVYSNQPQHF,0.35681716,0
YLSFYTAEQL,CASSLGDQLNEQFF,0.85368806,0
FGDVGSTLF,CASSELNQPQHF,0.79137874,0
EDVPSGKLFMHVTLG,CASSLYRTGGADYGYTF,0.4979788,0
SLLLLSVSV,CATSDFRDASSYNEQFF,0.47687697,0
KLVALVINAV,CSAPGTGKKYTGELFF,0.27840385,0
YLCLQNNFI,CASTRGSRSGSSEQYF,0.14141884,0
YLLPAIVHI,CASSEAPRVGAFF,0.3625412,0
ALWGFFPVL,CASSLVVGRVGTEAFF,0.19569217,0
YLQQNWWTL,CASSLALGGPVNYTF,0.26768756,0
KLEFMDWRL,CASGFALYEQYF,0.5075455,0
VLEEVDWLI,CATSGTGQQVDTQYF,0.2595607,0
LLQCTQQAV,CSARDQGGTTQFF,0.33765006,0
LLFGKPVYV,CASSTTSHTDTQYF,0.37837377,0
YMPTTIIAA,CASRSSGGMYNEQFF,0.47295803,0
MLMLAVIVA,CASTPLDAPARKETQYF,0.2887113,0
KVAELVHFL,CASSLALRVHNEQFF,0.44404814,0
LMDMHNGQL,CASSSNTGQKGYGYTF,0.48656395,0
TLEYMDWLV,CASSFPQEQGAPQAFF,0.21821085,0
RLLQCTQQAV,CASSPPALRPQHF,0.13481039,0
LPEPLPQGQLTGY,CASSLSLQQMYNEQFF,0.5062827,0
TLEELDWCL,CASSLGVSYTEQYF,0.56394655,0
EMMLFDWKV,CASGDTQGANYGYTF,0.24012767,0
TMDFYQGQL,CASKKLRDIPYGYTF,0.4133754,0
ALVGAIPSI,CASSLSPWQAYGNQPQHF,0.16561021,0
AMAVLYLAL,CASSYSAAGRQQNTEAFF,0.3490164,0
SMGVTYEM,CASNVPEGHMNTEAFF,0.34611854,0
RMDYNNMQM,CSARDEVGSPVGETQYF,0.26648316,0
NVEYYDIKL,CASSFIGTGVLSYNEQFF,0.50740767,0
LPEPLPQGGLTAY,CASRQTSGWKGDTQYF,0.3222733,0
LPEPLPQAQLTAY,CASSTAGQGSPSNEQYF,0.551769,0
KQWLVWLFL,CSATREDMPQFF,0.28716725,0
KLTESLHKV,CASSLDAVGEELFF,0.5134103,0
YMGVVYEM,CASSYSPPPWDEQFF,0.11995039,0
FMGVTYEM,CAITPTQTGRRGTEAFF,0.4521416,0
LPEGLPQGQLTAY,CASSLALVAAANTEAFF,0.40690526,0
YMLDLQPETT,CASSSAGTNTQYF,0.8936163,0
FMYSDFHFI,CASSLVTSVETQYF,0.47259566,0
VPLTEDAEL,CASSTGRSARSYEQYF,0.43818906,0
EHEGSGPEL,CASTMTSTIYF,0.121754795,0
SYMIMEIE,CATSAGQGGDYGYTF,0.27513155,0
WLDNFELCL,CASRPGGLGSTGELFF,0.5752255,0
QTNPVTLQY,CASSRVGRDQETQYF,0.38053402,0
YLSHLPLTCKF,CASSKKLAGVLDTQYF,0.20142423,0
TYDTVHRHL,CASSQDSAGGRAQPQHF,0.4660652,0
VLDLFQGQL,CAIGPPLVDTDTQYF,0.5264515,0
HIMPDTAEI,CASSQWTGSRYNSPLHF,0.14449754,0
TLYSLTLLY,CARMTGGYEQYF,0.41280848,0
RILLVAASY,CASSPPWGSEAEAFF,0.29755998,0
LLFGPVYV,CASSQLGQGNYGYTF,0.72479916,0
SMLGIGIVPV,CASSQAQRRNYGYTF,0.20848818,0
VLNGTVHPV,CASGTDFVLRYF,0.25603265,0
ILCETCLIV,CASTDEAENIQYF,0.45271698,0
EMLFSHGLVK,CASSPRFLGRGIDEQYF,0.42706147,0
AMAGSPVFL,CASSRQASGTSGINEQFF,0.20539023,0
LPEPLPQGQGTAY,CASSPGYRGENTEAFF,0.37914997,0
MLFSHGLVK,CSARRQGFGNEKLFF,0.27926692,0
MMWDRGLGMM,CASRESSIMNTEAFF,0.4572522,0
IAMAVLYLA,CASSPGGSGTLFF,0.86852473,0
MVNTVAGAMK,CASSVEYGTYEQYF,0.5959288,0
LASYFFWGL,CASSVGRDRVTNEQFF,0.3518394,0
KLVALGINNV,CASRDNGHLNYGYTF,0.3717124,0
WSYDSTLLAY,CASSRTSGGVLGREQYF,0.3423437,0
CISSCNPNL,CATQGTGTYGYTF,0.40219247,0
RSGGFSFGK,CASSLRGRPAYEQYF,0.34533286,0
FVVPYMIYLL,CASSYTMRTEKLFF,0.54383874,0
MPYGYVLNEF,CASSLALTPPLHF,0.1612852,0
FSSEVLNLV,CASSRGGNRGEQYF,0.3100066,0
TLREIRRYQK,CASSHLPRGGNEQFF,0.6727167,0
SLLLLPVSV,CASRLETSTGELFF,0.4441054,0
RMEQVDWTV,CASSDRAGTRRTGELFF,0.4459863,0
YMGVSYEM,CASTPRGGLYNYGYTF,0.31312847,0
RLDAMNGQL,CATSDGGSGNTEAFF,0.48078752,0
SLSKILDTV,CASSLGGAGPVLEQYF,0.5481983,0
GPEPLPQGQLTAY,CSATPPGRVDQPQHF,0.21836394,0
NMEYMTWDV,CASTAVRGAGADTQYF,0.30712536,0
LPEPLPQGQLGAY,CASSYSKGLSNEKLFF,0.20111878,0
KLEQLDWTV,CASSIIGLRQSGQPQHF,0.82307786,0
KLSEGDLLA,CASSRGRRVNYGYTF,0.21371123,0
KMGVTYEM,CASSPYDGYEQYF,0.6616182,0
EVLPFFLFF,CASSKGTIIKGYTF,0.30374578,0
FLPDLNVNA,CSAKGRAREKLFF,0.10035508,0
GMDYHNGHL,CASSLGSGGSVREQYF,0.22585839,0
ALGIGILTV,CASDGAASTGELFF,0.48126578,0
FRNEGIHL,CASSEARRASGRNNEQFF,0.21429865,0
EFFWDANDIY,CASSQSLTGPSYGYTF,0.37590307,0
DEEDAIAAY,CASSVLGNYDGLRTNEQFF,0.3760102,0
LPEPLGQGQLTAY,CASTLRQGVGGQYF,0.20660369,0
LLEDLDWDV,CASSWGISGGKETQYF,0.4278116,0
TMETIDWKV,CASSLAFTGVIDEQFF,0.40681076,0
ALWGPDPAA,CASSKGPVRGDNYGYTF,0.029063886,0
SLDPTTSPV,CASGGQAITEAFF,0.24691354,0
FLTGIGIITV,CASRRSLAGAGAQYF,0.12321193,0
YIFLGNLAL,CASSPTASVANTGELFF,0.3873236,0
LPEALPQGQLTAY,CASSLQIEDNEKLFF,0.4474048,0
ACDPHSGHFV,CASSPVIQQGTQYF,0.26615384,0
ALSYTPVEV,CASSQDFYADMNTEAFF,0.2725476,0
FFAGGIGIRTI,CASRPIGDGPFYGYTF,0.09547079,0
LLHGFSFYL,CASSSSLASGNYNEQFF,0.8278859,0
NLVPTVATV,CASSQFGHLAATGELFF,0.33560553,0
ELGGIGILTV,CASSESTLAGGQTYEQYF,0.4791424,0
WLLPAWGV,CSARDLRVGETDTQYF,0.060268342,0
TMSSSHLFYL,CASSQGLGGEETQYF,0.61491936,0
LTLTPEIAPYF,CASTKGVSVNEQFF,0.34744868,0
DLAGIGILTV,CASSGGGTESYGYTF,0.4389635,0
ILAAFLHWL,CSARAYAQSETQYF,0.37511837,0
RLSDFSEQL,CASRTAGANIQYF,0.46865383,0
LTISPEIPPYF,CASHLGGGPETQYF,0.46222186,0
KSFVPELKPAF,CASSPTGTGLPQPQHF,0.26168665,0
SLYNTVATLY,CASTLRRGTGNLDSPLHF,0.4985429,0
SSFSPELRMRW,CASSEANWAGGQETQYF,0.32501322,0
YIDDVVLGA,CASSMRTGTNYEQYF,0.53518426,0
NLVPMVAAV,CASSKVGASGSAGETQYF,0.12899417,0
NLVPQVATV,CASSLSLQGVAYEQYF,0.6633094,0
LPEPLPQGQATAY,CASSLSAGSRAFF,0.3868627,0
EIAGIGILTV,CASSTGGLAGVLFYEQFF,0.5961714,0
FLNVFFPLL,CASSQGVSRGEGTGELFF,0.27238002,0
CLGALLTMV,CATSAGMNTGELFF,0.72062725,0
RLLCALTSL,CASSGAVSIDEQFF,0.6133737,0
FVGEFFTDV,CASSLQRTGGDETQYF,0.6262234,0
RIAAWMATY,CAPNRTSGREDTQYF,0.27046508,0
LSLRPEIPLFF,CASSFNSGRARLSTDTQYF,0.42661297,0
LLYGFVNYV,CATRMGIDGTDTQYF,0.2827083,0
FMLYLVTLM,CASSPGETANVLTF,0.7833592,0
NSLKPEIPDYF,CASTAVAESEQYF,0.29849327,0
GSLAPEIRMYW,CASKAGRSADTQYF,0.36728644,0
IAGLGLLTV,CASKILGTTYGYTF,0.29147288,0
LTITPEIAPFF,CASSSPLFNEQFF,0.922867,0
YMDDVVLGA,CASSLFPGEGDTEAFF,0.36589384,0
ELAGIGLLTV,CASSFLALAGGGNEQFF,0.72462136,0
HSKKKCDEI,CSARDRATSNEKLFF,0.6669999,0
YVNELVVFV,CASVSSGYIQYF,0.6989566,0
FLAGGIGIRTL,CASTSGRAGSSYEQYF,0.3970119,0
KSLTPEVRGYW,CASSSTRGTLHF,0.5573362,0
YLCSGSSYFV,CASSQALGREQYEQYF,0.41262603,0
NLVPVVATV,CASSTRLAPEESYEQYF,0.3490637,0
ELAGIGIITV,CASYLDPASTDAQYF,0.32844812,0
APRGPAGGAASGL,CASSQDIGQGRYNEQFF,0.4562479,0
FWLLPAWAL,CASSDTPTDEQFF,0.14234069,0
LMASISSFL,CASSLGLGLTKNIQYF,0.21154082,0
RSFVPEIGMGF,CAIRAGTGAGNYGYTF,0.31319925,0
SLLQGSPHL,CSARGLAGGDRYEQYF,0.57389194,0
ASFSPELRMAW,CASGGTAILYGYTF,0.41262046,0
GTIRPEIPDYF,CASSSLSDRDYGYTF,0.58794814,0
LPEPLPQGALTAY,CASSLGSAASNTGELFF,0.32169625,0
YVTAMDIFV,CASRIFVYEQYF,0.43808,0
HSRKKCDEL,CASSTTRLRRETQYF,0.3991,0
KAANIVLTV,CAISETPGQGSYNEQFF,0.36258644,0
APRGAHGGAASGL,CASPRTGRPYEQYF,0.2691571,0
SVASTITGV,CASSQKQQTRHQPQHF,0.07293008,0
FLEIYTVTV,CSARYTSRDTQYF,0.37465468,0
FATGIGIITV,CATNAGVKETQYF,0.070329696,0
ELAGIGILSV,CASSWNQVETQYF,0.33866426,0
LSITPEISPYF,CASSPTPGGPGTF,0.6112885,0
SLVALGINAV,CSAAAWAGLF,0.95969504,0
LTISPEIPSYF,CASGYFDSPKQYF,0.544957,0
GSLSPELRPIF,CASSLGVTGEGMGGYTF,0.3171337,0
WTYRPEVRGVW,CASSPDVWDGELFF,0.37943944,0
YLCSGSSYF,CASSVHGGTSYEQYF,0.5642772,0
YLVALGVNAV,CASSISAGDNQETQYF,0.5446211,0
GIWGFVFTL,CASKYGAGEFF,0.2551866,0
LSITPEIAPYF,CASSSDTGWNTGELFF,0.6646587,0
WLLPTWGV,CATSTASDQETQYF,0.1115066,0
YSFKPELKEIF,CASSARVYARTGELFF,0.3005314,0
SALRPEIRLLW,CASSPGGAIREGYTF,0.33451542,0
NLVPMVASV,CATLFSGTGFSNTEAFF,0.35900566,0
CLGGLATMV,CASSLVSLEGEQYF,0.5702353,0
SSGVPEVRMMF,CASSELQGARLETQYF,0.44284555,0
NSFRPEVAMKY,CASSRRTGMRNGYTF,0.13103624,0
GTIRPEIREMW,CASSSGLLIPRTQYF,0.4205746,0
APQPAPENAY,CASLGGNTYEQYF,0.6681716,0
FITGISILL,CASSFPPQEGNQPQHF,0.12739332,0
KSLAPEVRDLF,CASSVGGTVPEAFF,0.33793688,0
NLNRCSVPV,CASSQAVYDQPQHF,0.3601918,0
ILITQVLGL,CASSPGLAGGRTDTQYF,0.69839746,0
YMVLASPSV,CASSQDKWDRGMPQHF,0.38647693,0
KSCTPEVREYF,CASSLGPMDMNTEAFF,0.7661426,0
YVDDVVLGA,CSARGGQKLYGYTF,0.26169738,0
LLYGFVNYI,CASSKAPMRDRGLYEQYF,0.29584774,0
YLDELIKNT,CASSLRQGGYLAGRAHEQFF,0.23323555,0
CLGGLLAMV,CASSATVVEQFF,0.61314183,0
RSLAPEVRGYW,CASSLEIAQYF,0.48772308,0
FLPSDFFPSV,CASSYAGQDGYTF,0.6187547,0
LTITPEIAPYF,CASIARQRGYSNQPQHF,0.31738138,0
SWISDIRAGTAPLCRNHIKSSCSLI,CASPVNLAGEGRRNIQYF,0.041756973,0
FWLLGAWAL,CASSKLQGAAGEQYF,0.08478577,0
LGIGVITI,CASSELHGNRANTEAFF,0.20961921,0
YLNELVVFV,CSARASVAYNEQFF,0.554786,0
NSVKPEIRPVW,CASSVVQGLMNTEAFF,0.41446105,0
ILAKFAHWL,CAWSVDGPSYEQYF,0.61507803,0
FLRGRFYGL,CASSVGQIYTDTQYF,0.5654656,0
ELAGIGILTI,CRVAGDGAEAFF,0.18384287,0
HPVAEADYFEY,CASSDGSVGNTIYF,0.3833462,0
FMSAYSGVL,CSAIVRARGELFF,0.33497712,0
LSGSPELRMIF,CASSPTSGSPSYNEQFF,0.33294046,0
LLFGYPVFV,CASSEAVLQGMKAEAFF,0.30316472,0
NLVGMVATV,CASSLALHGSTDTQYF,0.5052608,0
HSKRKCDEL,CASSLGESPVTFF,0.85301363,0
YLQDSLATT,CASSSGQGFKPQHF,0.33739445,0
ELAGIGILTA,CASSSLFLLAGGHNEQFF,0.37119743,0
MLGERLFPL,CASSPRVRGPYTEAFF,0.37252152,0
KLQCVDLHV,CASSHSSGAGGFNNEQFF,0.50660086,0
APAGPHGGAASGL,CATHPSYQETQYF,0.20724544,0
AIMDKNIIL,CASRPEGQLYGYTF,0.4391966,0
VYAIFIFQL,CASSLYLSTGNYGYTF,0.5194011,0
ELAGIGALTV,CASGDETGQGYGYTF,0.2864538,0
WLWEPLRVV,CSAASGIETQYF,0.21078368,0
ALVPMVATV,CASSVGTSGVLTYEQYF,0.58853364,0
LTITPEIRPYF,CASSQDLVVGTGSYEQYF,0.4449233,0
YVTAMDLFV,CASSSLQGADVTGELFF,0.49423718,0
LPLKMLNI,CAWSVGRGDQYF,0.45000046,0
LVFPLVMGV,CASSLGLPLAWEGDGELFF,0.31876445,0
YLYDRLLRI,CASSWKGGRGYNEQFF,0.31201756,0
RTYVPEIKHRW,CASSPEGGWF,0.6450992,0
MVIGIPVYV,CASSGFGTGLYYGYTF,0.54947484,0
CLAGLLTMV,CAWSKLLQGGGYTF,0.2951215,0
ASFRPELAEFW,CASSFRGRSAGSEQYF,0.4328152,0
NLAPMVATV,CAWGQGIIYF,0.3995916,0
ALGGLLTMV,CASRKRGGIQETQYF,0.30301943,0
LAITPEIAPYF,CATSRDLTSHYGYTF,0.3111268,0
