peptide,binding_TCR,prediction,label
AAFKRSCLK,CASSLVDRRGEKLFF,0.18272942,0
AARAVFLAL,CASTSYTEAFF,0.5570402,0
AARAVFLAL,CASRGQNTGELFF,0.7655301,0
AARAVFLAL,CASSSTGGGEKDQPQHF,0.30001822,0
ACDPHSGHFV,CASSRDTVNTEAFF,0.46701214,0
ACDPHSGHFV,CSARDPQGFDGYTF,0.38580406,0
AIMDKNIIL,CASSFLGTGLNEQYF,0.7429188,0
AIMDKNIIL,CASSDNDWRLQYF,0.22760758,0
AIMDKNIIL,ASSPVTGGIYGYT,0.77629673,0
ALAGIGILTV,CASRPGLAGGRPEQYF,0.12825407,0
ALEPGPVTA,CASSLNTEAFF,0.6078266,0
ALGIGILTV,CASSFASGGYNEQFF,0.64378965,0
ALGIGILTV,CASSPSGLAGSNLGNEQFF,0.18841061,0
ALGIGILTV,ASSFNMATGQY,0.6558347,0
ALIHHNTHL,CASSIGGQRYNEQFF,0.54945767,0
ALLETLSLLL,CASSQEFVGAVLDTQYF,0.2650845,0
ALLQVTLLL,CASSLGQGYNEQFF,0.7423678,0
ALLQVTLLL,CASTGSYGYTFGSGTRLTVT,0.73824203,0
ALLQVTLLL,CASIETESTGELFF,0.3005738,0
ALRGMGVNAV,CASSYNSAGYNEQFF,0.39568698,0
ALSYTPAEV,RPGWMAGL,0.8254647,0
ALSYTPAEV,CASSQESGGGTEAFF,0.5934845,0
ALSYTPVEV,CASSLVNGLGYTF,0.5781682,0
ALVGAIPSI,CASSQDNNEQFF,0.5213202,0
ALVPMVATV,CASSSTGGGGELFF,0.6495739,0
ALWGFFPVL,CASSYGQPNTEAFF,0.5215742,0
ALWGFFPVL,CASSLYLASNTGELFF,0.21706119,0
ALWGPDPAA,CASSQGLNPGQGLDTEAFF,0.35389394,0
ALWGPDPAAA,CASQTFSPGQTQF,0.3150162,0
AMAGSLVFL,CATWDSGNIQYF,0.6923932,0
AMAGSLVFL,CAILGQGYGYTF,0.5425247,0
AMAGSPVFL,CASSLFARGGPTDTQYF,0.21521479,0
AMAGSPVFL,CASSSDRGEQFF,0.8105164,0
APAGPHGGAASGL,CASSLWAGHGYTF,0.24204196,0
APARLERRHSA,CASTGSYGYTFGSGTRLTVT,0.49455366,0
APQPAPENAY,ASRPGLAGGRPEQY,0.2727836,0
APRGAHGGAASGL,CASSFRGNTGELFF,0.1726191,0
APRGAHGGAASGL,CASDSNYGYTF,0.18654886,0
APRGPAGGAASGL,CASSFLGTGLNEQYF,0.25221556,0
APRGPAGGAASGL,CASSESSSTGGKWDTQYF,0.17947191,0
APRGPHGGAASGA,CASSLSVFPGRAEQYF,0.20525739,0
APRGPHGGAASGA,CASRDHRVIYGYTF,0.20909059,0
APRGPHGGAASGA,CASTGSYGYTFGSGTRLTVT,0.23006542,0
ARNLVPMVATVQGQN,CASSIIAGSSYNEQFF,0.13475,0
ARNLVPMVATVQGQN,AWSETGLGTGELF,0.093942,0
ARNLVPMVATVQGQN,CASSVTSDQTQYF,0.19239543,0
ARNLVPMVATVQGQN,CASSMSGWGDTQYF,0.1523882,0
ASFRPELAEFW,CASSIGTVNRGPNTEAFF,0.32905725,0
ASFRPELAEFW,CASSPTAEAFF,0.50102437,0
ASFRPELAEFW,ASSANPGDSSNEKLF,0.57412946,0
ASFSPELRMAW,CASSLGPGGASYTF,0.29667446,0
ASFSPELRMAW,ASRPGLAGGRPEQY,0.27380034,0
ASFSPELRMAW,CASSGRVTGGFYNEQFF,0.28849876,0
AVGSHVYSV,CASTGSYGYTFGSGTRLTVT,0.50225693,0
AVYDGREHTV,CASSLVGADRSGELFF,0.15532008,0
AVYDGREHTV,ASSFIGGTDTQYFG,0.23750353,0
AVYDGREHTV,CASLEAGGETQYF,0.23272634,0
AVYDGREHTV,CASSYFGGSLSEQYF,0.5787529,0
AVYDGREHTV,CASSSGQVQETQYF,0.467022,0
CHIPVEPNT,RPGWMAGL,0.8273587,0
CHIPVEPNT,CASSPHTEAFF,0.4528315,0
CISSCNPNL,CSVPGTAYEQYF,0.6754248,0
CISSCNPNL,ASSIGGPYEQYFG,0.6286263,0
CLAGLLTMV,CASSYRGQSYEQYF,0.55294913,0
CLGALLTMV,CASSPGGGKETQYF,0.23655474,0
CLGALLTMV,CASSQDRGKDTQYF,0.24345174,0
CLGALLTMV,CSARDAGGDYGYTF,0.22998992,0
CLGGLATMV,ASSLGQAYEQY,0.8299805,0
CLGGLLAMV,CASRPGLAGGRPEQYF,0.13599962,0
CLLGTYTQDV,CASTGSYGYTFGSGTRLTVT,0.4297289,0
CLLGTYTQDV,CASSVLNTGELFF,0.7378057,0
CLLWSFQTSA,CSALTGNQPQHF,0.3305133,0
CLLWSFQTSA,CASSLFARGGPTDTQYF,0.2812447,0
CPSQEPMSIYVY,CAQGDYNEQFF,0.34548485,0
CVETMCNEY,CASSLVPLSPEQYF,0.5832626,0
DEEDAIAAY,CASNPGTDFNTGELFF,0.22709617,0
DEEDAIAAY,ASSYVSQNNEQF,0.7407874,0
DEEDAIAAY,CASSLPLGYEQYF,0.64801323,0
DLAGIGILTV,CASSFEPGQGFYSNQPQHF,0.67084247,0
DLAGIGILTV,CASTPTGNTEAFF,0.53474844,0
DLAGIGILTV,CASRAVINTDTQYF,0.48872522,0
DLAGIGILTV,ASSSRSSYEQY,0.79151213,0
EDVPSGKLFMHVTLG,CASSWDRGTYEQYF,0.55102277,0
EDVPSGKLFMHVTLG,ASSPVTGGIYGYT,0.32598665,0
EDVPSGKLFMHVTLG,AWSETGLGMGGWQ,0.4183448,0
EDVPSGKLFMHVTLG,CASTGSYGYTFGSGTRLTVT,0.5960922,0
EEAAGIGIL,CASRNRDPNGYTF,0.09809992,0
EEAAGIGIL,CASSRDTVNTEAFF,0.18993595,0
EEAAGIGIL,CASSLDIGDQPQHF,0.39132214,0
EEAAGIGIL,CASSLELGDEQFF,0.74131477,0
EEAAGIGIL,CASSLAYEQYF,0.6227427,0
EENLLDFVRF,CASSQERGGPDTQYF,0.5176236,0
EEYLKAWTF,CAILGQGYGYTF,0.15905313,0
EEYLQAFTY,ASSIGGPYEQYFG,0.79916865,0
EFFWDANDIY,CASSTSTGQGWHYGYTF,0.44881058,0
EFFWDANDIY,ASRRSAYLQY,0.71460116,0
EFFWDANDIY,CASSRDTVNTEAFF,0.38008803,0
EFFWDANDIY,CASSLIRSEAFF,0.4075069,0
EHEGSGPEL,CASSLAPGTTNEKLFF,0.5040151,0
EHEGSGPEL,CATSSFRMTGDNSPLHF,0.4759415,0
EHEGSGPEL,CASSLWEKLAKNIQYF,0.14161652,0
ELAAIGILTV,CASSEIASYNEQFF,0.47714293,0
ELAAIGILTV,CASSFPTSGQETQYF,0.6540036,0
ELAAIGILTV,ASSLGQAYEQY,0.85620964,0
ELAGIAILTV,CASSPGASYEQYF,0.5622987,0
ELAGIAILTV,CASSFEPGQGFYSNQPQHF,0.5353197,0
ELAGIAILTV,ASRPGLAGGRPEQY,0.4257395,0
ELAGIGIATV,CASSNRGYDEQYF,0.6559439,0
ELAGIGIATV,CASSPGTVKETQYF,0.22492991,0
ELAGIGIITV,CASSRRRDLGNEQFF,0.13803875,0
ELAGIGILSV,CASRRGPYEQYF,0.43383253,0
ELAGIGILTA,CASTGSYGYTFGSGTRLTVT,0.57476103,0
ELAGIGILTA,CASSLVGGTGSVSYQFF,0.25717446,0
ELAGIGILTA,CASSSPDSNNEQFF,0.3767719,0
ELAGIGILTI,CASSLLGLIKETQYF,0.33757892,0
EMLFSHGLVK,CASSYSTGDEQYF,0.39387017,0
EMMLFDWKV,CASSFNTEAFF,0.69069505,0
ESDPIVAQY,CASSLETGGWETQYF,0.6550796,0
ESDPIVAQY,CASSSQELTEAFF,0.45941824,0
ESEERPPTPY,CASSPARNTEAFF,0.43439713,0
ESEERPPTPY,CASTLGQGNTEAFF,0.32897457,0
ESEERPPTPY,CASSHSWGETQYF,0.49888653,0
FDVMVMPNL,CASSYQTGPYSNQPQHF,0.6541786,0
FFAGGIGIRTI,CASSFGGGLQETQYF,0.16918726,0
FFAGGIGIRTI,CASSFNMATGQYF,0.13952963,0
FIDCYLLAI,CASSPTLYNEQFF,0.77718604,0
FIFSYVVAV,CASSHNRGYEQYF,0.6794415,0
FIFSYVVAV,CASSLWEKLAKNIQYF,0.10912405,0
FITGISILL,CSALTGNQPQHF,0.33024025,0
FITGISILL,ASSFIGGTDTQY,0.4794932,0
FIYQYYSSI,CATESTGIGGYTF,0.5956696,0
FIYQYYSSI,CASSRDFVSNEQYF,0.6590948,0
FIYQYYSSI,CASSLGGGGPQETQYF,0.73627245,0
FLAGGIGIRTL,CASSYLTGEGDYGYTF,0.199622,0
FLASPSVPL,CASSYGNTGELFF,0.5941459,0
FLASPSVPL,ASRRGSLELV,0.6541299,0
FLDEFMEAV,CASSPDPSGNEQFF,0.68431634,0
FLDEFMEAV,CASSSDQNGDPYEQYF,0.61309624,0
FLDEFMEGV,CASSTGADLTYEQYF,0.39332643,0
FLEIYTVTV,ASSFTWTSGGATDTQY,0.572947,0
FLEIYTVTV,ASRPGLAGGRPEQY,0.56943953,0
FLFMYLVTV,CASSILGASNQPQHF,0.69951665,0
FLFMYLVTV,CATQWTGGHEQYF,0.21943559,0
FLFMYLVTV,CASSYLPGQGDHYSNQPQHF,0.66844916,0
FLFMYLVTV,CASSDTVSYEQYF,0.7885119,0
FLFMYLVTV,CASSQDRDTQYF,0.7177173,0
FLFTFFASI,ASSARSGELF,0.7908268,0
FLFTFFASI,CATSGGQSNEKLFF,0.23472512,0
FLGIYTVTV,CASSEGLWQVGDEQYF,0.58490926,0
FLGIYTVTVV,CASSVDGTGGALGNTIYF,0.50913143,0
FLGIYTVTVV,CASSAAGQELGYTF,0.35218784,0
FLGIYTVTVV,CASTQGGVDTQYF,0.5167831,0
FLGIYTVTVV,CASSFGGASEAFF,0.72181356,0
FLGIYTVTVV,CATRGGEGQPQHF,0.21509865,0
FLGIYTVTVV,CASTWTGEQYF,0.58737594,0
FLGIYTVTVV,CASRTRGGTLIEQYF,0.40832004,0
FLKEMGGL,CASSDTVSYEQYF,0.7934933,0
FLKEMGGL,AWSETGLGTGELF,0.83124506,0
FLKEMGGL,CASVLGGSSYNEQFF,0.5399834,0
FLKEMGGL,CASSEMDGSNQPQHF,0.6971266,0
FLKEQGGL,CASSFLGTGVEQYF,0.77895963,0
FLKEQGGL,CASSGGTGYEQYF,0.77803254,0
FLKEQGGL,CASSFEWSYEQYF,0.7877488,0
FLKEQGGL,CSARNRASYNSPLHF,0.18766196,0
FLKETGGL,CSARQTSGGSSYNEQFF,0.3312903,0
FLMASISSS,ASSPVTGGIYGYT,0.6904653,0
FLNDLLSVL,CASSLASGNEQFF,0.6661645,0
FLNDLLSVL,ASPGLAGEYEQY,0.7921139,0
FLNDLLSVL,CASVSGQGVSPLHF,0.24503684,0
FLNDLLSVL,CASSVVAGFNEQFF,0.55959094,0
FLNDLLSVM,CASSLDREDEQYF,0.5597666,0
FLNVFFPLL,CASSLVGADRSGELFF,0.12237963,0
FLNVLFPLL,CASNDRGMFNEQFF,0.21326213,0
FLPDLNVNA,CASLGAQNNEQF,0.34145707,0
FLPDLNVNA,AWSETGLGTGELF,0.7841152,0
FLPDLNVNA,ASSPVTGGIYGYT,0.7960183,0
FLPSDFFPSV,ASSFIGGTDTQY,0.4320328,0
FLRGRFYGL,CASDEKLFF,0.3387326,0
FLRGRFYGL,CASSWEYEQYF,0.7088668,0
FLSDHLYLV,CASSHTTGGRTEAFF,0.35696656,0
FLSDHLYLV,CASMRPTSYEQYF,0.35965192,0
FLSDHLYLV,CASSDRNTNYGYTF,0.48600614,0
FLSDHLYLV,CSARAGLRESTDTQYF,0.2751518,0
FLSDHLYLV,CAGMTVTEAFF,0.43280345,0
FLTGIGIITV,CASSIAQGGNQPQHF,0.6535003,0
FLTGIGIITV,CASSQGLNPGQGLDTEAFF,0.46322992,0
FLTVFSPFM,CAISRQGARQETQYF,0.20191537,0
FLWSVFMLI,CASSSGGAWYTF,0.80297697,0
FLWSVFMLI,CASSPRGREETQYF,0.43129435,0
FLWSVFMLI,CSVEAGGVSEAFF,0.72941613,0
FMGVTYEM,CAIRQFDANTGELFF,0.34729928,0
FMIGYASAL,CASSSNIWSPDTQYF,0.50410104,0
FMLLTQARL,ASRRSAYLQY,0.8695899,0
FMLLTQARL,CASSLPDRGGTKNIQYF,0.120282255,0
FMLYLVTLM,CASSPTGTGYNEQFF,0.65155476,0
FMPDFDLHL,CASSPRPLEGLYGYTF,0.33608198,0
FMPDFDLHL,ASSIGGPYEQYFG,0.65756404,0
FMPDFDLHL,CASSRDRSNEQFF,0.48708674,0
FMSAYSGVL,CASSLGQGLLYGYT,0.6416684,0
FMSAYSGVL,CASSVDGGSQPQHF,0.64713454,0
FMYSDFHFI,CASSMGTGGFYGYTF,0.81728935,0
FMYSDFHFI,CASSPGPYEQYF,0.85677075,0
FPQGEAREL,CASSRDTVNTEAFF,0.30327362,0
FQAQHIAMA,CAISEVGTGSSGNTIYF,0.33695066,0
FQAQHIAMA,CASSSSSGDEQYF,0.42917848,0
FQAQHIAMA,CASSESGAAYTGELFF,0.24271025,0
FQDYIKSYL,CASIPVGSRNTIYF,0.18995115,0
FQDYIKSYL,CASSSTGADSHEQFF,0.1959799,0
FQLNQSFEI,CASSAFGIVADTQYF,0.48453316,0
FQLNQSFEI,CASTGSYGYTFGSGTRLTVT,0.53740084,0
FQLNQSFEI,CASSQDRGIGYGYTF,0.54840493,0
FRNEGIHL,CASSFIRTGQYF,0.82400864,0
FRNEGIHL,CASSDRQGIATGELFF,0.4550254,0
FRNEGIHL,CASSGDKNEAFF,0.7857088,0
FSFPLDFLV,CASSWEGQYNEQFF,0.6012559,0
FSFPLDFLV,CASTGSYGYTFGSGTRLTVT,0.58356667,0
FSFPLDFLV,CASSRDTVNTEAFF,0.4215393,0
FSSEVLNLV,ASRRGSLELV,0.6820239,0
FVGEFFTDV,CASSIESGSKQRNEQFF,0.2142069,0
FVGEFFTDV,CATSAKTRLNTEAFF,0.13911703,0
FVGEFFTDV,CASSLVNGLGYTF,0.4006569,0
FVGEFFTDV,CASQTFSPGQTQF,0.32956642,0
FVVPYMIYLL,ASSFIGGTDTQYFG,0.32039917,0
FWLLGAWAL,CASSLVNGLGYTF,0.41377258,0
FWLLGAWAL,ASSLGQAYEQY,0.87345296,0
FWLLPAWAL,CAILGQGYGYTF,0.1791146,0
FWLLPAWAL,CASSLDQGAQDNEQFF,0.3038092,0
FWLLPAWAL,CASSMTVMNTEAFF,0.28877896,0
FYGKTILWF,CASSSEGQFNEQFF,0.7662279,0
GAVECCPNC,CSVRVGTQYF,0.6721784,0
GEIYKRWII,ASSFNMATGQY,0.85480165,0
GEIYKRWII,CSASRDSYEQYF,0.64541125,0
GILEFVFTL,CASSVEGSSYNEQFF,0.75156295,0
GILGLVFTL,CSANPRTTLYEQYF,0.3767325,0
GIWGFVFTL,CASSFGSGEQFF,0.81030947,0
GLLDEDFYA,CASSYLTGEGDYGYTF,0.5104716,0
GLLDEDFYA,CASSARSGELFF,0.5481609,0
GLLDEDFYA,CASSESSSTGGKWDTQYF,0.3680777,0
GLLDEDFYA,CASSEPGPWAFF,0.49195385,0
GLLDEDFYA,CASSQDSHSTSTDTQYF,0.36190626,0
GLLDEDFYA,CASSVLNTGELFF,0.606112,0
GLLDEDFYA,CASSLWEKLAKNIQYF,0.31173944,0
GLLHHAPSL,CASSLVMDNYGYTF,0.45735833,0
GLLHHAPSL,ASRRGSLELV,0.70408595,0
GLMAIAWFI,CASTLGQGNTEAFF,0.57286525,0
GLSPNLNRFL,CAQGDYNEQFF,0.51404214,0
GLSPNLNRFL,CASSLGDPNTEAFF,0.49194717,0
GLSPNLNRFL,CASSFLGTGLNEQYF,0.58355176,0
GLSPNLNRFL,CSARDPVGGSNTGELFF,0.33579382,0
GLSPNLNRFL,CASSMGGTYEQYF,0.64066386,0
GLYDGMEHL,ASSPGGNEQL,0.7489506,0
GLYDGMEHL,RPGWMAGL,0.73670304,0
GPEPLPQGQLTAY,CASSLSFGTEAFF,0.30804282,0
GPGMKARVL,CASSIIAGSSYNEQFF,0.54549,0
GPGMKARVL,ASSANPGDSSNEKLF,0.50416994,0
GPGMKARVL,CASSALAGGYNEQFF,0.5291012,0
GPGMKARVL,CASSLAVQRPSGNTIYF,0.33762166,0
GPGMKARVL,CASSGRDRNF,0.5630574,0
GQFLTPNSH,CAISESKGNYGYTF,0.31583324,0
GQFLTPNSH,CASSANPGDSSNEKLFF,0.2594249,0
GQFLTPNSH,CASRIPDRNEQFF,0.22828181,0
GSLAPEIRMYW,CASSLGQGCSNQPQHF,0.3302718,0
GSLAPEIRMYW,CASSPRDRVHEQYF,0.299922,0
GSLAPEIRMYW,CASSYGQPNTEAFF,0.4660752,0
GSLAPEIRMYW,CASSYARDRNTEAFF,0.2927709,0
GSLSPELRPIF,CASSQAALAGFGYEQYF,0.31709757,0
GTIRPEIPDYF,CASGGDAYEQYF,0.6665569,0
GTSGSPIVAR,CASSFDRGYGYTF,0.2879731,0
GTSGSPIVAR,RPGWMAGL,0.82821363,0
GTSGSPIVAR,CASSQDWAASNSPLHF,0.1828669,0
GTSGSPIVAR,CATSRGPTQAPYEETQYF,0.12018628,0
GVYDGREHTV,CASSYFGGSLSEQYF,0.56644654,0
GVYDGREHTV,CSARGGGFETQYF,0.2576282,0
HIAKSPFEV,CASRGQNTGELFF,0.80151594,0
HIAKSPFEV,CASSWREGFPYEQYF,0.606832,0
HIAKSPFEV,CSAPSYRELAGAYLQETQYF,0.13485634,0
HIAKSPFEV,CASGTELMNTEAFF,0.4127295,0
HIAKSPFEV,CASSLGQGSYEQY,0.83998775,0
HIAKSPFEV,CASSYSPGTGNTIYF,0.6431213,0
HIMPDTAEI,CASSLGQEIPYYGYTF,0.7127646,0
HIVEISTPV,RPGWMAGL,0.91521907,0
HIVEISTPV,CASRDHRVIYGYTF,0.29253283,0
HIVEISTPV,CASSLASEQYF,0.6893722,0
HIVEISTPV,ASSFIGGTDTQY,0.58528227,0
HMTEVVRHC,AWSETGLGTGELF,0.83211446,0
HMTEVVRHC,CAWSVGNYGYTF,0.6945184,0
HPVAEADYFEY,CASSYGLEQYF,0.68714,0
HPVGDADYFEY,CASSLSGGLLRTGELFF,0.2906649,0
HPVGQADYFEY,CASSALAGGYNEQFF,0.5487958,0
HQLGGVVEV,CASQTFSPGQTQF,0.46215653,0
HQLGGVVEV,CASSISTEAFF,0.5469839,0
HQLGGVVEV,CASSPSGLAGSNLGNEQFF,0.3261555,0
HQNPVTGLLL,CASSFLSSYNEQFF,0.69215286,0
HRRGSRSYV,CASSFATGTAYGYTF,0.729061,0
HRRGSRSYV,CASSGLAGFSPQETQYF,0.6712633,0
HRRGSRSYV,CASSLAPGTTNEKLFF,0.6528425,0
HSKKKCDEI,CASSPMTDSTDTQYF,0.5279362,0
HSKKKCDEI,ASSFTWTSGGATDTQY,0.5133364,0
HSKRKCDEL,CSAETGRDLEAFF,0.35865003,0
HSKRKCDEL,CASSIGTVNRGPNTEAFF,0.33203837,0
HSRKKCDEL,CASSTRVVAGNNEQFF,0.333527,0
HSRKKCDEL,CASSTGADLTYEQYF,0.39668226,0
HSRKKCDEL,CASSQEPSLNTEAFF,0.49561247,0
HSRKKCDEL,CASTGSYGYTFGSGTRLTVT,0.56471705,0
IAGLGLLTV,CASSLNTEAFF,0.7033324,0
IAGLGLLTV,CASSQEQLGGEQYF,0.62061155,0
ILAAFLHWL,CASSLLKAANYGYTF,0.24270043,0
ILAAFLHWL,CASPGLAGEYEQYF,0.5559057,0
ILAAFLHWL,CASTGSYGYTFGSGTRLTVT,0.53944623,0
ILAKFAHWL,CASSLDFSRQETQYF,0.28812772,0
ILAKFAHWL,CASSQGISTGELFF,0.6322223,0
ILAKFLHWL,CASSYSKAGGPGEDTQYF,0.3210109,0
ILCETCLIV,CSARDWGYEQYF,0.7177782,0
ILDQVPFSV,CASSLWEKLAKNIQYF,0.14041996,0
ILDQVPFSV,CASSFEAGQGFFSNQPQHF,0.6415358,0
ILDQVPFSV,CSVPVFGRGTGELFF,0.4620607,0
ILGGQVVHTV,ASSFIGGTDTQYFG,0.2535369,0
ILGGQVVHTV,ASRPGLAGGRPEQY,0.24688639,0
ILGGQVVHTV,CASSTKAGGLADTQYF,0.23529351,0
ILITQVLGL,CASTGSYGYTFGSGTRLTVT,0.68908906,0
ILIVMFPFL,CASNSGPNEKLFF,0.17875354,0
ILLDWAANI,CASTTGGGGYEQY,0.57498527,0
ILLDWAANI,ASSLWEKLAKNIQY,0.56668794,0
ILLDWAANV,CASRPGLAGGRPEQYF,0.2447962,0
ILLDWAANV,ASSFIGGTDTQY,0.4915216,0
IMIEFCPGG,CASSPSGLAGSNLGNEQFF,0.28542775,0
IMLEALERV,CASSAGLFPEQFF,0.59256774,0
IMLEALERV,CASSPGREQYF,0.609487,0
IMLEALERV,CASLGLEYEQYF,0.5069155,0
IMLEALERV,CASSIGLNTEAFF,0.6109251,0
IPLTEEAEL,RPGWMAGL,0.84888315,0
IPLTEEAEL,CASSPTPGTGETQYF,0.55140436,0
IPLTEEAEL,CASSLAAGGGETQYF,0.5188148,0
KAANIVLTV,CASSRDFVSNEQYF,0.68847805,0
KAANIVLTV,CASQTFSPGQTQF,0.4682836,0
KAANIVLTV,CSVGLGQTGTEAFF,0.7193252,0
KASEKIFYV,CASSEDAGNYGYTF,0.74121153,0
KASEKIFYV,CATSGTGGTGELFF,0.71447736,0
KASEKIFYV,CAILGQGYGYTF,0.7705387,0
KASEKIFYV,CASSPGVGTEAFF,0.81755084,0
KIFGSLAFL,CASGSYEQYF,0.74772805,0
KIFGSLAFL,CASRPGTSSYEQYF,0.74384356,0
KIFGSLAFL,CASTHWERVDEQFF,0.35451385,0
KIFGSLAFL,CASSLAQSDSLAFF,0.4409889,0
KIILFLPCI,ASRRGSLELV,0.8666414,0
KINAWIKVV,CASSLVSPSEQFF,0.797745,0
KINAWIKVV,CASSLGGFAGNTIYF,0.4787691,0
KLAKPLPYT,CASSRTSPTDTQYF,0.6253619,0
KLANPLPYT,CASSRDTVNTEAFF,0.56297064,0
KLANPLPYT,ASSPVTGGIYGYT,0.69297683,0
KLFEFLVHGV,CASSGPIVETQYF,0.60377485,0
KLFEFLVHGV,CASSLGQGLLYGYT,0.6769125,0
KLFEFLVHGV,CASSIQQGADTQYF,0.5869565,0
KLKSLGLNAV,CAWSSSVNTEAFF,0.6460515,0
KLLAGVEIV,CASSALAGGYNEQFF,0.6286705,0
KLLAGVEIV,CASSARSGELFF,0.6696484,0
KLLAGVEIV,CASSLGPSLYEQYF,0.669055,0
KLNTITAVV,CASAGETQYF,0.8108749,0
KLPLDIDPV,CASSLMGGGNTIYF,0.58046854,0
KLPLDIDPV,CASSLGQGSYEQY,0.6373737,0
KLQCVDLHV,CASSLIRGSYEQYF,0.6049942,0
KLSEGDLLA,CASRGQNTGELFF,0.6479446,0
KLSELHAYI,CASRGTGTGSYEQYF,0.7019472,0
KLSELHAYI,CSAIVFSRGGDEQFF,0.21677938,0
KLSELHTYI,CASSLGGNPTYNEQFF,0.7301613,0
KLSELHTYI,RPGWMAGL,0.8055198,0
KLTESLHKV,RPGWMAGL,0.7086721,0
KLVALGINNV,CASSFLLYNEQFF,0.8167833,0
KLVALGINNV,ASSLWEKLAKNIQY,0.7036848,0
KLVALGINNV,CSADRPGQSQETQYF,0.26960912,0
KLVALGINNV,CASRNTGTTNEKLFF,0.43465605,0
KLVALVINAV,RPGWMAGL,0.8465826,0
KLVALVINAV,CASSLGQAYEQYF,0.55634034,0
KLVVLGINAV,CASSQNGSEAAYSNQPQHF,0.56102645,0
KLVVLGINAV,CASSSGYNEQFF,0.77315784,0
KLVVLGINAV,CASHPVGSLTDTQYF,0.3037667,0
KLVVLGINAV,CASSEMDGSNQPQHF,0.62789166,0
KLVVLGINAV,CASSPDRFYEQYF,0.73036635,0
KLYGLDWAEL,CASSSWDTGELFF,0.7734228,0
KLYGLDWAEL,RPGWMAGL,0.86016953,0
KMDYFSGQL,CASGGADMKTEAFF,0.36202157,0
KMDYFSGQL,CASTGSYGYTFGSGTRLTVT,0.5974216,0
KMDYFSGQL,CASSQESGGGTEAFF,0.6563831,0
KMGVTYEM,CASSPSGLAGSNLGNEQFF,0.5112856,0
KMGVTYEM,CASSPNPQGANMDTQYF,0.522116,0
KQWLVWLFL,CASPGLAGEYEQYF,0.70643693,0
KQWLVWLFL,CASSLWEKLAKNIQYF,0.22560826,0
KSCTPEVREYF,CASSEIASYNEQFF,0.6472993,0
KSFVPELKPAF,ASSIGGPYEQYFG,0.46239984,0
KSFVPELKPAF,CASSPPDQVYNEQFF,0.41811588,0
KSFVPELKPAF,CASSFEAGQGFFSNQPQHF,0.3964109,0
KSFVPELKPAF,CASSPGPNQPQHF,0.3643361,0
KSFVPELKPAF,CASSFGGLYGYTF,0.47919554,0
KSLAPEVRDLF,CASRTRGGTLIEQYF,0.3464968,0
KSLTPEVRGYW,CASSQETGDEQYF,0.6361285,0
KTFPPTEPK,CASSVLNTGELFF,0.67588246,0
KTFPPTEPK,CAITSGQGNNEQYF,0.2617354,0
KTFPPTEPK,CASSFNYNEQFF,0.6292318,0
KTFPPTEPK,CAGWDRTPYEQYF,0.17948778,0
KTVGIYPNA,CASSQEGRQGSYNEQFF,0.18141884,0
KVAELVHFL,CASSFRGPNLYTEAFF,0.5748209,0
KVAELVHFL,CASSQGGQDGHGTTNEKLFF,0.48903024,0
KVDPIGHVY,CASSLNSGHTQYF,0.54463017,0
LAITPEIAPYF,CASSYGQPNTEAFF,0.5571979,0
LAITPEIAPYF,CASSYRTGSDEQFF,0.6241735,0
LASYFFWGL,CASSYLPGQGDHYSNQPQHF,0.7583201,0
LASYFFWGL,CASSVDGTEETQYF,0.79781353,0
LASYFFWGL,CSADRPGQSQETQYF,0.22881824,0
LASYFFWGL,CASSEDAGNYGYTF,0.7362832,0
LGIGVITI,CASSQTIGTGFSNEQFF,0.5304513,0
LGIGVITI,CASRPGLAGGRPEQYF,0.13587528,0
LGYGFVNYI,CASSLRSSYEQYF,0.7418472,0
LGYGFVNYI,CASSQAGGTGELFF,0.7546807,0
LGYGFVNYI,CASSPSGLAGSNLGNEQFF,0.22293717,0
LHMEFCSCC,AWSETGLGTGELF,0.75870895,0
LHMEFCSCC,CASSLPDRGGTKNIQYF,0.18460877,0
LIFNMLYWI,CASSLAPGTTNEKLFF,0.5678195,0
LIFNMLYWI,CASSPVYGVAYEQYF,0.70474386,0
LIIPCIHLI,CASSIGDYEQYF,0.71078146,0
LIIPCIHLI,CASIETESTGELFF,0.20806351,0
LIIPCIHLI,AWSETGLGMGGWQ,0.6804953,0
LLAIKVPNV,CASSRDTVNTEAFF,0.34686098,0
LLAIKVPNV,CASSSQGGYGYTF,0.4596709,0
LLAIKVPNV,CASSFASGGYNEQFF,0.47880483,0
LLEDLDWDV,ASSARSGELF,0.737808,0
LLFAAFSSA,CASSFEAGQGFFSNQPQHF,0.3405255,0
LLFAAFSSA,CATGTGGNDYEQYF,0.39672083,0
LLFGFPVYV,CASTGSYGYTFGSGTRLTVT,0.77672964,0
LLFGKPVYV,CASSRGLQETQYF,0.64176065,0
LLFGLALIEV,CASQTFSPGQTQF,0.29503897,0
LLFGPVYV,CASPGLAGEYEQYF,0.6101637,0
LLFGPVYV,CASSTINTNSPLHF,0.5392518,0
LLFGYAVYV,CASTGSYGYTFGSGTRLTVT,0.76903564,0
LLFGYAVYV,CASSLGTGSTDTQYF,0.7786385,0
LLFGYAVYV,CASSPHRNTEAFF,0.5296531,0
LLFGYPRYV,CASSLGQGLLYGYT,0.67509013,0
LLFGYPVAV,CASSSAGTEAFF,0.69217974,0
LLFGYPVFV,CASSPLDVSISSYNEQFF,0.68358064,0
LLFGYPVFV,CASTPGTSASRDTQYF,0.21611474,0
LLHGFSFYL,CASSFGQEEGQPQHF,0.5402929,0
LLIASVTWL,CASSWDYTEQYF,0.6444107,0
LLIASVTWL,CASSFGTGGYEQYF,0.6253958,0
LLIASVTWL,AWSETGLGMGGWQ,0.5602053,0
LLIASVTWL,CASSPSWLSGVTQYF,0.47435445,0
LLIASVTWL,CASSLADVGQYDTDTQYF,0.48445725,0
LLIASVTWL,CASSLGGNLYEQYF,0.59357625,0
LLIDLTSFLL,CASSYRFDSPLHF,0.4328702,0
LLIDLTSFLL,CASSFSAREYGYTF,0.28002724,0
LLIDLTSFLL,CSVEGLAGRGYNEQFF,0.17343979,0
LLLNMLIVL,CASSLNPGTSYEQYF,0.638983,0
LLLNMLIVL,CASSPRGDWEEKAGELFF,0.44695574,0
LLQCTQQAV,CASSYTGWHEQYF,0.47035396,0
LLQCTQQAV,CASSFLMTSGDPYEQYF,0.49630755,0
LLWNTVWNM,CASSLAGGTEAFF,0.7803259,0
LLWNTVWNM,CASSDSLGDRGSYEQYF,0.2973584,0
LLYGFVNYI,CASSLVTGGGEAFF,0.71237457,0
LLYGFVNYI,CASSFGSGSTDTQYF,0.79167724,0
LLYGFVNYV,CASSDLQENQPQHF,0.5852598,0
LMASISSFL,ASSLRGRGDQPQH,0.4588458,0
LMASISSFL,CASSPGGEGEQYF,0.6854955,0
LMDMHNGQL,CASSQDQGITEAFF,0.7171704,0
LMDYWQGQL,AWSETGLGTGELF,0.7587912,0
LMDYWQGQL,CASSPSGLAGSNLGNEQFF,0.3187592,0
LMMPFSIVYI,CSAETGRDLEAFF,0.1716429,0
LMMPFSIVYI,ASRTRGGTLIEQY,0.7002449,0
LMMPFSIVYI,ASSPVTGGIYGYT,0.70918286,0
LMMPFSIVYI,CASSPSGLAGSNLGNEQFF,0.47569767,0
LMVLHSPSL,CASSVERENTGELFF,0.49970898,0
LMVLHSPSL,RPGWMAGL,0.8433837,0
LMVLHSPSL,CASRSQNYYGYTF,0.5669855,0
LMVPHSPSL,CASTGSYGYTFGSGTRLTVT,0.5813894,0
LPEGLPQGQLTAY,CSARDWGYEQYF,0.3149458,0
LPEGLPQGQLTAY,CASSFGGAYEQYF,0.31404233,0
LPEGLPQGQLTAY,CASSGDKNEAFF,0.2619416,0
LPEPLGQGQLTAY,CASSSRSSYEQYF,0.31272203,0
LPEPLGQGQLTAY,CASSKGLRQFF,0.21483165,0
LPEPLGQGQLTAY,CASRGQNTGELFF,0.29974473,0
LPEPLPQGALTAY,ASRYRDDSYNEQF,0.32780164,0
LPEPLPQGALTAY,CASSDGNEQFF,0.36454326,0
LPEPLPQGGLTAY,CASSLGQAYEQYF,0.4720338,0
LPEPLPQGGLTAY,CASSQDPGSSYNEQFF,0.52488834,0
LPEPLPQGGLTAY,CASTPLSNQPQHF,0.2660863,0
LPEPLPQGGLTAY,CSAIYREGNTGELFF,0.22139265,0
LPEPLPQGQATAY,CASSLVGGITGELFF,0.24671027,0
LPEPLPQGQGTAY,CASPGLAGEYEQYF,0.26400423,0
LPEPLPQGQLGAY,ASRRGSLELV,0.609009,0
LPEPLPQGQLGAY,CASSLWEKLAKNIQYF,0.21505366,0
LPEPLPQGQLGAY,CASSGRQGIDTEAFF,0.22834018,0
LPLKMLNI,CASSSPRSSRDTDTQYF,0.47957006,0
LSEFCRVLCCYVLEE,CASRPSRGTNYGYTF,0.315306,0
LSEFCRVLCCYVLEE,CASSRDTVNTEAFF,0.21906014,0
LSEFCRVLCCYVLEE,CASSSPSGYEQYF,0.67346495,0
LSEFCRVLCCYVLEE,CAIRQFDANTGELFF,0.20197064,0
LSGSPELRMIF,CASRLVRKKGEDQPQHF,0.25239417,0
LSGSPELRMIF,CASSQNGSEAAYSNQPQHF,0.3683766,0
LSITPEIAPYF,CASSLSFGTEAFF,0.5639689,0
LSITPEISPYF,CASRPGLAGGRPEQYF,0.2750406,0
LSITPEISPYF,CASSLQGSDNEQFF,0.6074826,0
LSITPEISPYF,AWSETGLGMGGWQ,0.40871593,0
LSITPEISPYF,CSVRSGNEQFF,0.570457,0
LSLRPEIPLFF,ASRPGLAGGRPEQY,0.51370424,0
LTISPEIPPYF,CASRTDRFLGAFF,0.34899974,0
LTISPEIPSYF,CASSLYRGTGELFF,0.5556896,0
LTISPEIPSYF,CSARDRNYGYTF,0.4888426,0
LTISPEIPSYF,CASRPGLAGGRPEQYF,0.17079079,0
LTISPEIPSYF,CASSLQGGGGYTF,0.60741436,0
LTITPEIAPFF,CASSPGGTNEKLFF,0.42582223,0
LTITPEIAPFF,CASSVAGGSGNTIYF,0.5822153,0
LTITPEIAPFF,CASSLVPQGEEQYF,0.63353676,0
LTITPEIAPFF,CASSLAYRPYEQYF,0.37025088,0
LTITPEIAPFF,CASSLWEKLAKNIQYF,0.12825578,0
LTITPEIAPYF,CASSQDPGNGNTIYF,0.5402843,0
LTITPEIRPYF,CASRGQNTGELFF,0.56376636,0
LTITPEIRPYF,CASSLAENSGNTIYF,0.55209196,0
LTLTPEIAPYF,CASSLNMNTEAFF,0.55055654,0
LVFPLVMGV,CASSPWRGPFQETQYF,0.64454544,0
LVFPLVMGV,CASSSQTGPYSNQPQHF,0.6710404,0
LVIGMPPPV,CASSIIAGSSYNEQFF,0.4709133,0
LVIGMPPPV,CAITSGFSYEQYF,0.6013748,0
LVIGMPPPV,CASSLSYTPHQPQHF,0.4851637,0
LVIGMPPPV,ASRRGSLELV,0.8362924,0
LYPEFIASI,CASSLVNGLGYTF,0.40219206,0
MIISHLSLI,CASSYGVNTEAFF,0.67504853,0
MLFSHGLVK,CSARNRDTYYNEQFF,0.29475018,0
MLFSHGLVK,CASSSGTGAYEQYF,0.4060889,0
MLGEQLFPL,ASSSRSSYEQY,0.755557,0
MLGERLFPL,CASSLAGSKLYEQYF,0.22482976,0
MLLKHDVSL,CASSFRGGKTQYF,0.4681846,0
MLMLAVIVA,CASPGLAGEYEQYF,0.42727524,0
MLSILALVRV,CASSGRQGIDTEAFF,0.39055002,0
MLWGYLQYV,RPGWMAGL,0.85698617,0
MLWGYLQYV,ASSLGQAYEQY,0.83658785,0
MMDFFNAQM,CASRPGLAGGRPEQYF,0.17863855,0
MPYGYVLNEF,CASSWWLNTEAFF,0.6794806,0
MPYGYVLNEF,ASSLWEKLAKNIQY,0.61020046,0
MPYGYVLNEF,CASSQGALGYTF,0.7138559,0
MPYGYVLNEF,CASRYRDDSYNEQF,0.34627396,0
MPYGYVLNEF,CSAFSSGTGGVTGELFF,0.221283,0
MPYGYVLNEF,CASSPRNLGPSGSYEQYF,0.4714644,0
MVNTVAGAMK,CASTGSYGYTFGSGTRLTVT,0.36853427,0
MVWGPDPLYV,CAILGQGYGYTF,0.34294632,0
MVWGPDPLYV,CASSPSGLAGSNLGNEQFF,0.2759093,0
MVWGPDPLYV,AWSETGLGTGELF,0.7299533,0
NLAPMVATV,CASSISPSSYEQYF,0.6184746,0
NLAQTDLATV,CASSLAVQRPSGNTIYF,0.33289152,0
NLFNRYLAL,CASSFSATGELFF,0.78363883,0
NLFNRYLAL,CASSDAGGHTDTQYF,0.6787566,0
NLFNRYLAL,CASTGSYGYTFGSGTRLTVT,0.74493706,0
NLVAMVATV,CASTGSYGYTFGSGTRLTVT,0.66862166,0
NLVAMVATV,CASSPSGLAGSNLGNEQFF,0.27017304,0
NLVGMVATV,CASSTQGTGVYNEQFF,0.6240894,0
NLVGMVATV,CASRPWTGANEKLFF,0.2808609,0
NLVPMVAAV,CASSLGAAPQETQYF,0.4368283,0
NLVPMVASV,CASTGSYGYTFGSGTRLTVT,0.56558615,0
NLVPMVASV,CASTDGQKNSPLHF,0.34148937,0
NLVPQVATV,CASSFPDRGQGVYGYTF,0.45246518,0
NLVPQVATV,CASSVLNTGELFF,0.6351871,0
NLVPTVATV,CASSIRSSYEQYF,0.6309226,0
NLVPTVATV,CASSHRGSGNTIYF,0.5037031,0
NLVPTVATV,ASRRSAYLQY,0.71541923,0
NMEYMTWDV,CAILGQGYGYTF,0.46643853,0
NMEYMTWDV,CSVTGTGLFDEQYF,0.6069693,0
NMMWFQGQL,CASSLTGLLNTEAFF,0.47302136,0
NNILIATCV,CSVEDRRGPFYGYTF,0.13197963,0
NNILIATCV,CASSTSTGQGWHYGYTF,0.43838,0
NSFRPEVAMKY,CASSEELYNEFF,0.6541706,0
NSFRPEVAMKY,CASSRDFVSNEQYF,0.3192569,0
NSLKPEIPDYF,CASSRDFVSNEQYF,0.5280378,0
NSLKPEIPDYF,ASSDTVSYEQY,0.59685725,0
NSLKPEIPDYF,CASTTGGGGYEQY,0.54787636,0
NSVKPEIRPVW,CASSLRTNSDTQYF,0.551124,0
NVEYYDIKL,CASSPYSGANVLTF,0.42289013,0
NVEYYDIKL,CATSSEDSSNQPQHF,0.5049634,0
NVEYYDIKL,CASSHRGSGNTIYF,0.48586166,0
QDVEIPPNI,CASSFNMATGQYF,0.45310625,0
QDVEIPPNI,CSAPSYRELAGAYLQETQYF,0.23445885,0
QLCDVMFYL,CASSFWSGGTYEQYF,0.7209315,0
QLIPCMDVV,CASSPTAEAFF,0.395891,0
QLIPCMDVV,CAILGQGYGYTF,0.5032653,0
QLLVSLWGL,CASSGSGASTDTQYF,0.49586245,0
QLRSLGLNAV,CSARDRSGIDTQYF,0.2771176,0
QLRSLGLNAV,ASSIGGPYEQYFG,0.6879451,0
QTNPVTLQY,CASNLGGGSTDTQYF,0.713387,0
RCMLQCPSV,CASSQWGGNEQFF,0.70740193,0
RIAAWMATY,RPGWMAGL,0.8544963,0
RIAAWMATY,CSATSGTDTQYF,0.7010564,0
RIAAWMATY,CASSPGPNQPQHF,0.7247578,0
RIAAWMATY,CASSAGPWGYTF,0.730316,0
RIAAWMATY,CASSLDQGAQDNEQFF,0.5243858,0
RILLVAASY,CASSDPRGQPNQPQHF,0.40753645,0
RKTVRARSRTPSCRSRSHTPSRRRR,CASSFLMTSGDYEQYF,0.099224396,0
RKTVRARSRTPSCRSRSHTPSRRRR,CASRLWFWALEAF,0.09780306,0
RKTVRARSRTPSCRSRSHTPSRRRR,CASSPWTGAEKLFF,0.09782346,0
RKTVRARSRTPSCRSRSHTPSRRRR,CAISRGDTEAFF,0.09785729,0
RLDAMNGQL,CASSLSYLNEQFF,0.8008567,0
RLDAMNGQL,CASSLGQGLSYEQYF,0.6614493,0
RLHDLVFPL,CASSLSGFGNTIYF,0.5589249,0
RLHDLVFPL,CASSVGGGVTDTQYF,0.6733633,0
RLHDLVFPL,CASIGVSYEQYF,0.4749853,0
RLHDLVLPL,CASSQETGDTQYF,0.62014246,0
RLIKHYPGI,CASSPEGVFNEQFF,0.74558365,0
RLIKHYPGI,CASSIESGSKQRNEQFF,0.6120511,0
RLLCALTSL,CASSYGQPNTEAFF,0.5269302,0
RLLCALTSL,CASSDWVSYEQYF,0.68167675,0
RLLCALTSL,CASSPSGLAGSNLGNEQFF,0.2894989,0
RLLPLLALL,CASSDNDWRLQYF,0.42956597,0
RLLPLLALL,ASRRGSLELV,0.6704387,0
RLLPLLALL,CASSYQGTEAFF,0.5979142,0
RLLPLLALL,CASSALFSGANVLTF,0.40436313,0
RLLPLLALL,CASSVDGGPQETQYF,0.57445073,0
RLMKHYPGI,CASSFGSGNTIYF,0.74199057,0
RLMKHYPGI,CASSPSGLAGSNLGNEQFF,0.51978296,0
RLSDFSEQL,CASSQGFGANVLTF,0.45008892,0
RLSDFSEQL,ASSLRGRGDQPQH,0.34913546,0
RLSDFSEQL,ASRPGLAGGRPEQY,0.42211294,0
RLSDFSEQL,ASRRSAYLQY,0.6202151,0
RLWEPLRVV,CASSDTPDLNTEAFF,0.62666374,0
RMAAISNTV,CASRYRDDSYNEQFF,0.63777244,0
RMDYNNMQM,CASSYEPGQVSHYSNQPQHF,0.65542877,0
RMDYNNMQM,CATPSRAQYDYGYTF,0.5946959,0
RPHERNGFTV,CASSTPGGWNTEAFF,0.43170828,0
RPHERNGFTV,CASSLDIGDQPQHF,0.52483547,0
RQFGPDFPTI,CASTGSYGYTFGSGTRLTVT,0.5431647,0
RQFGPDFPTI,CASTGSYGYTFGSGTRLTVT,0.5431647,0
RQFGPDWIVA,CATSRTDISYEQYF,0.5308331,0
RQFGPDWIVA,CASSQGWDEQYF,0.64487296,0
RSGGFSFGK,CASSVDFGRTYNEQFF,0.3619197,0
RSGGFSFGK,CASSHHSGGIYNEQFF,0.49693456,0
RSLAPEVRGYW,CASSQSETGDGYTF,0.50398016,0
RSLAPEVRGYW,CASSYFRQSYEQYF,0.6016779,0
RSLAPEVRGYW,CSARDRGFFRPGELFF,0.29021966,0
RSLAPEVRGYW,ASSYVSQNNEQF,0.65543294,0
RSLAPEVRGYW,CASSQDWGAEAFF,0.4501563,0
RSLAPEVRGYW,CAWSGFSRTEAFF,0.35652417,0
RVRFFFPSL,CASSLWEKLAKNIQYF,0.15750393,0
RVSTLRVSL,ASPGLAGEYEQY,0.8117006,0
RVSTLRVSL,CASSYLTGEGDYGYTF,0.6231462,0
RYGSFSVTL,CASSLGTSGIQFF,0.7475012,0
RYGSFSVTL,CASSRDTVNTEAFF,0.5375743,0
RYPLTLGWCF,CASSSTGALYEQYF,0.6389451,0
RYPLTLGWCF,CASSFRDEDPGNTIYF,0.24913514,0
SALRPEIRLLW,CASSFGQGYEQYF,0.63409007,0
SALRPEIRLLW,CASSEWVFWSSYNSPLHF,0.5189393,0
SALRPEIRLLW,AWSETGLGMGGWQ,0.608316,0
SALRPEIRLLW,ASSSDQNSGDPYEQYF,0.63379717,0
SAYGEPRKL,CASSTPGGWNTEAFF,0.48689398,0
SAYGEPRKL,CASSTSAGFSNQPQHF,0.343782,0
SIIGRLLEV,CASSLEIFGGIADTDTQYF,0.32690966,0
SILDAVQRV,CASSLFTGTNEQFF,0.4478475,0
SLDLTTSPV,CASRGQNTGELFF,0.6153662,0
SLDLTTSPV,CASREQGMNTEAFF,0.36631072,0
SLDPTTSPV,CASSGRQGIDTEAFF,0.61736846,0
SLDPTTSPV,CASRGQNTGELFF,0.6287397,0
SLDPTTSPV,CAISELVTGDSPLHF,0.59343445,0
SLFNTIAVL,ASRPGLAGGRPEQY,0.5345414,0
SLFNTIAVL,ASSYVSQNNEQF,0.693952,0
SLFNTIAVL,CASSSSSGDEQYF,0.69235086,0
SLLLLPVSV,CASSVLNTGELFF,0.62198806,0
SLLLLSVSV,CASSEGQGYEQYF,0.61105967,0
SLLLLSVSV,CASSIIAGSSYNEQFF,0.49414825,0
SLLQGSPHV,CASSESRSGNQPQHF,0.541106,0
SLSKILDTV,CASSDGGISYNEQF,0.6879214,0
SLVALGINAV,CASSQGIAGSNQPQHF,0.2162117,0
SLVALGINAV,CASRGQNTGELFF,0.6093802,0
SLYNTIATL,CASSYEPGQVSHYSNQPQHF,0.7160646,0
SLYNTIATL,RPGWMAGL,0.82376814,0
SLYNTIATL,CASRPGLAGGRPEQYF,0.18206227,0
SMGVTYEM,CASTPTGNTEAFF,0.7265551,0
SMGVTYEM,CASTGSYGYTFGSGTRLTVT,0.7921456,0
SMLGIGIVPV,CASSQEIGMNEKLFF,0.37903064,0
SMLGIGIVPV,CASSRDFVSNEQYF,0.6250677,0
SSCMGGMNWR,CASSSNIWSPDTQYF,0.25668204,0
SSCMGGMNWR,CASSYSPGTGNTIYF,0.30189285,0
SSCMGGMNWR,CASSYGVNTEAFF,0.3894926,0
SSCMGGMNWR,CASSVLNTGELFF,0.51446116,0
SSCMGGMNWR,CASRFVAPSDGYNEQFF,0.24618481,0
SSFSPELRMRW,CASSSTDGYQETQYF,0.3330026,0
SSFSPELRMRW,CASPGLAGEYEQYF,0.42604977,0
SSFSPELRMRW,CASSFRGEAFF,0.32859108,0
SSFSPELRMRW,ASSSRSSYEQY,0.41796407,0
SSGVPEVRMMF,CASSMRVQSNTGELFF,0.319957,0
SVASTITGV,ASSLWEKLAKNIQY,0.47958717,0
SVASTITGV,CASSYEPGQVSHYSNQPQHF,0.5924642,0
SVASTITGV,ASSYVSQNNEQF,0.636256,0
SVLENFTILL,CSVDLEANYGYTF,0.2993685,0
SVLENFTILL,CASSQGGQDGHGTTNEKLFF,0.29687715,0
SWISDIRAGTAPLCRNHIKSSCSLI,CASTGSYGYTFGSGTRLTVT,0.31634942,0
SYMIMEIE,CASSRDTVNTEAFF,0.48329532,0
SYMIMEIE,ASSFTWTSGGATDTQY,0.2606879,0
SYMIMEIE,CASSHQAGALYNEQFF,0.21660218,0
SYMIMEIEL,CASSFWGLGELFF,0.7155833,0
SYMIMEIEL,CASSLRGTGSYEQYF,0.5965408,0
SYMIMEIEL,CASSPGGGASYEQYF,0.5052494,0
SYMIMEIEL,ASPGLAGEYEQY,0.7817434,0
TAMDIFVTV,CASSPPDQVYNEQFF,0.5521852,0
TAMDLFVTV,AWSETGLGTGELF,0.75737864,0
TAMDLFVTV,CAWSWGDSTNSPLHF,0.41792688,0
TAMDLFVTV,ASSARSGELF,0.81228536,0
TEDEHFEFY,CASSLYRGKETQYF,0.44962332,0
TEDEHFEFY,CASSEEGAWNTGELFF,0.6008597,0
TEDEHFEFY,CASSLLPEGTGRVSGYTF,0.48963913,0
TEDEHFEFY,CASSENTGELFF,0.81150794,0
TLEELDWCL,ASSFIGGTDTQY,0.626646,0
TLEYMDWLV,CASSPGQGYEQYF,0.7169719,0
TLEYMDWLV,ASRRSAYLQY,0.8058822,0
TLNAWVKVV,CATSFAPGQGEHGYTF,0.3574292,0
TLNAWVKVV,CASSVTGRWVPLHF,0.4295656,0
TLNAWVKVV,ASSSWDTGELF,0.81820285,0
TLREIRRYQK,ASSSDQNSGDPYEQYF,0.3257741,0
TLREIRRYQK,CASTGSYGYTFGSGTRLTVT,0.12219535,0
TLRGRAYGL,ASRRGSLELV,0.8139516,0
TLRGRAYGL,CASSQQGVWGTGELFF,0.41179907,0
TLRGRAYGL,CASSLARNQPQHF,0.45604992,0
TLSKPSPMPV,ASSYQGTEAF,0.61560655,0
TLSKPSPMPV,CASSLGQGRVEQYF,0.40445212,0
TLYSLTLLY,ASRRSAYLQY,0.8200191,0
TLYSLTLLY,CASSERGMVEAFF,0.7552004,0
TMETIDWKV,CASSLNTEAFF,0.7047633,0
TMETIDWKV,CATSRTDISYEQYF,0.51930726,0
TMETIDWKV,CASSESQGDYYGYTF,0.6995313,0
TMSFSHLFYL,CASTGSYGYTFGSGTRLTVT,0.78347194,0
TMSFSHLFYL,CASSYVNGGAIGGELFF,0.5136916,0
TMSSSHLFYL,CASTGSYGYTFGSGTRLTVT,0.74409604,0
TSTLQEQIGW,RPGWMAGL,0.69223607,0
TSTLQEQIGW,CASSLGGGGPQETQYF,0.5577677,0
TYDTVHRHL,CASSLTGSSDTQYF,0.5712618,0
VLASPSVPL,CSVELTTYEQYF,0.48248404,0
VLEEVDWLI,CASSWTGDSNQPQHF,0.6107013,0
VLEEVDWLI,CSVVGTGSVITNEKLFF,0.21481125,0
VLENFTIFLV,CASSESGRAEAFF,0.42048034,0
VLFAAFSSA,CASTTGGGGYEQY,0.27202985,0
VLFAAFSSA,CASSESTIVQGYNEQFF,0.15329012,0
VLLGVKLFGV,CASSPSGLAGSNLGNEQFF,0.20690915,0
VLLGVKLFGV,CASSPVGDTQYF,0.60696423,0
VLLGVKLFGV,CASSLAAQGQRVTGELFF,0.22822124,0
VLLGVKLFGV,CASPGLAGEYEQYF,0.6414642,0
VLLGVKLSGV,CASSDQGALSSYEQYF,0.5419043,0
VLLGVKLSGV,CASSQARGGAETQYF,0.29716617,0
VLMGGVPGVE,CASSVLNTGELFF,0.6865882,0
VLNGTVHPV,ASSYQGTEAF,0.81371194,0
VLNGTVHPV,ASSYVSQNNEQF,0.67759514,0
VLNGTVHPV,CASSQGYEQYF,0.78908336,0
VLNGTVHPV,CASTYRDSGNTIYF,0.30887243,0
VLNPFIYTL,CASSLASQVETQYF,0.48119444,0
VMAPRTLIL,ASSFIGGTDTQYFG,0.7045248,0
VMAPRTLIL,CAISRGDTEAFF,0.30442595,0
VMIIVSSLAV,CASTGSYGYTFGSGTRLTVT,0.5750701,0
VMIIVSSLAV,CASSPGTTTNEKLFF,0.5478348,0
VQYLGMFPV,CASSGGQGWTDTQYF,0.55948067,0
VQYLGMLPV,CASRGQNTGELFF,0.6807762,0
VYALIAGATL,CASSLSWEYEQYF,0.49242932,0
VYALIAGATL,CATSAKTRLNTEAFF,0.13819815,0
VYALIAGATL,CASSVLNTGELFF,0.7083914,0
VYFFLPDHL,CASLAGQGYNEQF,0.23763792,0
WLDNFELCL,ASSLGQAYEQY,0.63667756,0
WLIRETQPITK,CASSVLNTGELFF,0.8310576,0
WLLPAWGV,ASSLWEKLAKNIQY,0.3496592,0
WLLPAWGV,CASSDGGISYNEQF,0.507669,0
WLLPTWGV,CATSRDGAGLVNQPQHF,0.2559529,0
WLWEPLRVV,CASSGRSTDTQYF,0.65473557,0
WSYDSTLLAY,ASRRSAYLQY,0.69379795,0
WSYDSTLLAY,CASSLGQGSYEQY,0.59921044,0
WTYRPEVRGVW,CSARVQGAYEQYF,0.19737203,0
YFFWGLWAL,CASSHSWGETQYF,0.6799745,0
YFFWGLWAL,CASSYFRQSYEQYF,0.73125005,0
YFFWGLWAL,ASSFTWTSGGATDTQY,0.6012817,0
YHSIEWA,ASSDTVSYEQY,0.7551869,0
YHSIEWA,ASSIRSSYEQY,0.6031195,0
YHSIEWAI,CASSPSVYFEVSGANVLTF,0.63043606,0
YHSIEWAI,ASSYQGTEAF,0.7986649,0
YIDDVVLGA,ASRRSAYLQY,0.5870348,0
YIDDVVLGA,CASSTSAANQPQHF,0.20622851,0
YIDDVVLGA,CASSVLNTGELFF,0.730169,0
YIDDVVLGA,ASSLWEKLAKNIQY,0.1842826,0
YIFLGNLAL,CASSTGGDTQYF,0.7776686,0
YIFLGNLAL,CASSFGGLYGYTF,0.75009763,0
YIFLGNLAL,CASSLGQGGVGEKLFF,0.6289008,0
YILEETSVM,CASSLVNGLGYTF,0.5857005,0
YILEETSVM,CASRDGRVHQPQHF,0.15233436,0
YILEETSVM,CASSLIDSPYEQYF,0.7518004,0
YILEETSVM,CASSLASGSNQPQHF,0.65731376,0
YILEETSVM,CASSTTSGGAHNEQFF,0.4621666,0
YILEETSVM,CASSPHAGGVDEKLFF,0.6956887,0
YLCLQNNFI,CASSIGDYEQYF,0.72948194,0
YLCLQNNFI,CASSLGQGDFGETQYF,0.6333931,0
YLCSGSSYF,CASFNTGELFF,0.6471018,0
YLCSGSSYFV,CASIQDRDRPNSPLHF,0.24189384,0
YLDELIKNT,CASSFFPGELFF,0.793257,0
YLDELIKNT,CASSPHSGGDPRNEQFF,0.5535404,0
YLDELIRNT,CASSDLPGAPTDTQYF,0.40372363,0
YLDELIRNT,CASSPSRNTEAFF,0.7093385,0
YLEPGAVTA,CASSLAQSDSLAFF,0.4949996,0
YLEPGAVTA,CASSLSWGSSYNEQFF,0.6468905,0
YLEPGAVTA,CASDPDSLIHNTGELFF,0.20499246,0
YLEPGPVAA,CASTGSYGYTFGSGTRLTVT,0.4005302,0
YLEPGPVAA,CASSDTPDLNTEAFF,0.3123571,0
YLGGPDFPTI,ASSLGQAYEQY,0.7589935,0
YLGGPDFPTI,CASSVGNGASTDTQYF,0.4456141,0
YLGGPDFPTI,CSDGTGDGYTF,0.59671366,0
YLLAIFSGL,CASSTLSGNYNEQFF,0.575351,0
YLLFMIGYA,CASSIDRTVGNTIYF,0.3711469,0
YLLFMIGYT,ASSFIGGTDTQYFG,0.43674296,0
YLLPAIVHI,CASRPRQVETQYF,0.26901275,0
YLLPAIVHI,CASSRAGTGYNEQFF,0.3926491,0
YLLPAIVHI,CASSSDRGEQFF,0.6541448,0
YLNELVVFV,CASSPRGRDETQYF,0.18830152,0
YLNELVVFV,CASSYLPGQGDHYSNQPQHF,0.7258546,0
YLQDSLATT,CASSLVTGGGEAFF,0.63853246,0
YLQDSLATT,ASSLGQAYEQY,0.71971166,0
YLQDSLATT,CASTGSYGYTFGSGTRLTVT,0.6318031,0
YLQDSMATT,CASSRGTLHYGYTF,0.36457562,0
YLQQNWWTL,ASSLRGRGDQPQH,0.37255853,0
YLQQNWWTL,CASSHDDRGPNEKLFF,0.43080807,0
YLSFYTAEQL,CASSANPGDSSNEKLFF,0.19440934,0
YLSHLPLTCKF,AWSETGLGMGGWQ,0.3854999,0
YLVALGINAV,CASSALAGGYNEQFF,0.34830916,0
YLVALGINAV,CASSLVRDRHTEAFF,0.118232556,0
YLVALGVNAV,CASSLDPGDTGELFF,0.35971266,0
YLVALGVNAV,CASSVLNTGELFF,0.8091483,0
YLWPPVQLA,CAWSAASGGAQDTQYF,0.28767708,0
YLWPPVQLA,CASSSESGELFF,0.64464957,0
YLYDRLLRI,CASSRSTGGSGNTIYF,0.4133186,0
YLYDRLLRI,CASSYGIYEQFF,0.7378179,0
YLYDRLLRV,CASRGQNTGELFF,0.6978699,0
YLYDRLLRV,CASSFGGASEAFF,0.63074076,0
YLYDRLLRV,CAGWDRTPYEQYF,0.29180098,0
YMDDVVLGA,CASTGSYGYTFGSGTRLTVT,0.5241761,0
YMDDVVLGA,CASPGLAGEYEQYF,0.64299834,0
YMDDVVLGA,CASRGQNTGELFF,0.772757,0
YMDGTMSQV,CASTLGQGNTEAFF,0.46593243,0
YMDGTMSQV,ASSLWEKLAKNIQY,0.35193643,0
YMDGTMSQV,CASTQPVDMNTEAFF,0.2528926,0
YMFLASPSV,CASTGSYGYTFGSGTRLTVT,0.6222704,0
YMFLASPSV,CASSQDLGTGNTIYF,0.5596415,0
YMFLASPSV,CASSAGPWGYTF,0.59182477,0
YMGVSYEM,CASRPGTASYEQYF,0.7647851,0
YMGVSYEM,ASSYPGGGFYEQY,0.750579,0
YMGVSYEM,CASSNPQGAKYEQFF,0.2972335,0
YMGVVYEM,CASSPGKTEAFF,0.8113376,0
YMLTLHTKL,CASSRDFVSNEQYF,0.44495642,0
YMPTTIIAA,CASSLAPGTTNEKLFF,0.42503428,0
YMPTTIIAA,CASSSQTGPYSNQPQHF,0.70682096,0
YMPTTIIAA,CATSTRDTGNEQFF,0.5084126,0
YSFKPELKEIF,CASSLGQAYEQYF,0.67934376,0
YSFKPELKEIF,CASSVEGALTDTQYF,0.65829664,0
YSFKPELKEIF,CASSSTRGWADTQYF,0.56236506,0
YTSEILSPI,CASQTFSPGQTQF,0.41611218,0
YTSEILSPI,CASSFEPGQGFYSNQPQHF,0.74778533,0
YTSEILSPI,CASSLETGDEQYF,0.7294495,0
YTSEILSPI,ASSLWEKLAKNIQY,0.237849,0
YVNELVVFV,ASSQDRDTQY,0.68913996,0
YVNELVVFV,CASSLIDTGELFF,0.704572,0
YVTAMDIFV,CASSQDIGNFEQFF,0.7796122,0
YVTAMDLFV,CSVQGNSEAFF,0.5737278,0
YVVTWIVGA,ASPGLAGEYEQY,0.79281354,0
YVVTWIVGA,ASRPGLAGGRPEQY,0.5553717,0
YVVTWIVGA,CASSANRGPDTEAFF,0.43458763,0
